datetime,level_1,0,prop
2020-03-01,reseaux_sociaux,1.0,33.33333333333333
2020-03-01,virus,2.0,66.66666666666666
2020-03-01,traitement,1.0,33.33333333333333
2020-03-01,masque,,
2020-03-01,5g,,
2020-03-01,bilan,1.0,33.33333333333333
2020-03-01,complot,1.0,33.33333333333333
2020-03-01,experts,,
2020-03-01,politique,,
2020-03-01,laboratoire,1.0,33.33333333333333
2020-03-01,qanon,,
2020-03-01,entourage,1.0,33.33333333333333
2020-03-01,chine,1.0,33.33333333333333
2020-03-02,reseaux_sociaux,1.0,16.666666666666664
2020-03-02,virus,2.0,33.33333333333333
2020-03-02,traitement,,
2020-03-02,masque,,
2020-03-02,5g,,
2020-03-02,bilan,1.0,16.666666666666664
2020-03-02,complot,,
2020-03-02,experts,,
2020-03-02,politique,,
2020-03-02,laboratoire,1.0,16.666666666666664
2020-03-02,qanon,,
2020-03-02,entourage,,
2020-03-02,chine,3.0,50.0
2020-03-03,reseaux_sociaux,2.0,100.0
2020-03-03,virus,,
2020-03-03,traitement,,
2020-03-03,masque,,
2020-03-03,5g,1.0,50.0
2020-03-03,bilan,,
2020-03-03,complot,,
2020-03-03,experts,,
2020-03-03,politique,1.0,50.0
2020-03-03,laboratoire,,
2020-03-03,qanon,,
2020-03-03,entourage,,
2020-03-03,chine,,
2020-03-04,reseaux_sociaux,1.0,25.0
2020-03-04,virus,1.0,25.0
2020-03-04,traitement,1.0,25.0
2020-03-04,masque,,
2020-03-04,5g,,
2020-03-04,bilan,1.0,25.0
2020-03-04,complot,,
2020-03-04,experts,,
2020-03-04,politique,2.0,50.0
2020-03-04,laboratoire,,
2020-03-04,qanon,,
2020-03-04,entourage,1.0,25.0
2020-03-04,chine,,
2020-03-05,reseaux_sociaux,1.0,33.33333333333333
2020-03-05,virus,,
2020-03-05,traitement,,
2020-03-05,masque,,
2020-03-05,5g,,
2020-03-05,bilan,,
2020-03-05,complot,,
2020-03-05,experts,,
2020-03-05,politique,2.0,66.66666666666666
2020-03-05,laboratoire,,
2020-03-05,qanon,,
2020-03-05,entourage,1.0,33.33333333333333
2020-03-05,chine,,
2020-03-06,reseaux_sociaux,1.0,100.0
2020-03-06,virus,,
2020-03-06,traitement,,
2020-03-06,masque,,
2020-03-06,5g,,
2020-03-06,bilan,,
2020-03-06,complot,,
2020-03-06,experts,,
2020-03-06,politique,,
2020-03-06,laboratoire,,
2020-03-06,qanon,,
2020-03-06,entourage,,
2020-03-06,chine,,
2020-03-07,reseaux_sociaux,1.0,25.0
2020-03-07,virus,2.0,50.0
2020-03-07,traitement,,
2020-03-07,masque,1.0,25.0
2020-03-07,5g,,
2020-03-07,bilan,1.0,25.0
2020-03-07,complot,,
2020-03-07,experts,,
2020-03-07,politique,1.0,25.0
2020-03-07,laboratoire,,
2020-03-07,qanon,,
2020-03-07,entourage,,
2020-03-07,chine,,
2020-03-08,reseaux_sociaux,1.0,25.0
2020-03-08,virus,3.0,75.0
2020-03-08,traitement,,
2020-03-08,masque,1.0,25.0
2020-03-08,5g,,
2020-03-08,bilan,1.0,25.0
2020-03-08,complot,,
2020-03-08,experts,,
2020-03-08,politique,2.0,50.0
2020-03-08,laboratoire,,
2020-03-08,qanon,,
2020-03-08,entourage,,
2020-03-08,chine,,
2020-03-09,reseaux_sociaux,5.0,83.33333333333334
2020-03-09,virus,2.0,33.33333333333333
2020-03-09,traitement,,
2020-03-09,masque,1.0,16.666666666666664
2020-03-09,5g,,
2020-03-09,bilan,,
2020-03-09,complot,,
2020-03-09,experts,,
2020-03-09,politique,2.0,33.33333333333333
2020-03-09,laboratoire,,
2020-03-09,qanon,,
2020-03-09,entourage,1.0,16.666666666666664
2020-03-09,chine,,
2020-03-10,reseaux_sociaux,3.0,42.857142857142854
2020-03-10,virus,1.0,14.285714285714285
2020-03-10,traitement,,
2020-03-10,masque,,
2020-03-10,5g,,
2020-03-10,bilan,,
2020-03-10,complot,1.0,14.285714285714285
2020-03-10,experts,,
2020-03-10,politique,,
2020-03-10,laboratoire,,
2020-03-10,qanon,,
2020-03-10,entourage,1.0,14.285714285714285
2020-03-10,chine,,
2020-03-11,reseaux_sociaux,3.0,60.0
2020-03-11,virus,3.0,60.0
2020-03-11,traitement,,
2020-03-11,masque,,
2020-03-11,5g,,
2020-03-11,bilan,,
2020-03-11,complot,,
2020-03-11,experts,,
2020-03-11,politique,,
2020-03-11,laboratoire,,
2020-03-11,qanon,,
2020-03-11,entourage,,
2020-03-11,chine,1.0,20.0
2020-03-12,reseaux_sociaux,3.0,50.0
2020-03-12,virus,3.0,50.0
2020-03-12,traitement,,
2020-03-12,masque,1.0,16.666666666666664
2020-03-12,5g,,
2020-03-12,bilan,,
2020-03-12,complot,,
2020-03-12,experts,,
2020-03-12,politique,,
2020-03-12,laboratoire,,
2020-03-12,qanon,,
2020-03-12,entourage,1.0,16.666666666666664
2020-03-12,chine,1.0,16.666666666666664
2020-03-13,reseaux_sociaux,11.0,68.75
2020-03-13,virus,8.0,50.0
2020-03-13,traitement,1.0,6.25
2020-03-13,masque,3.0,18.75
2020-03-13,5g,,
2020-03-13,bilan,1.0,6.25
2020-03-13,complot,,
2020-03-13,experts,1.0,6.25
2020-03-13,politique,1.0,6.25
2020-03-13,laboratoire,,
2020-03-13,qanon,,
2020-03-13,entourage,4.0,25.0
2020-03-13,chine,3.0,18.75
2020-03-14,reseaux_sociaux,4.0,28.57142857142857
2020-03-14,virus,8.0,57.14285714285714
2020-03-14,traitement,,
2020-03-14,masque,1.0,7.142857142857142
2020-03-14,5g,,
2020-03-14,bilan,,
2020-03-14,complot,,
2020-03-14,experts,,
2020-03-14,politique,1.0,7.142857142857142
2020-03-14,laboratoire,,
2020-03-14,qanon,,
2020-03-14,entourage,2.0,14.285714285714285
2020-03-14,chine,1.0,7.142857142857142
2020-03-15,reseaux_sociaux,4.0,30.76923076923077
2020-03-15,virus,10.0,76.92307692307693
2020-03-15,traitement,3.0,23.076923076923077
2020-03-15,masque,1.0,7.6923076923076925
2020-03-15,5g,,
2020-03-15,bilan,1.0,7.6923076923076925
2020-03-15,complot,2.0,15.384615384615385
2020-03-15,experts,1.0,7.6923076923076925
2020-03-15,politique,,
2020-03-15,laboratoire,,
2020-03-15,qanon,,
2020-03-15,entourage,,
2020-03-15,chine,1.0,7.6923076923076925
2020-03-16,reseaux_sociaux,12.0,60.0
2020-03-16,virus,12.0,60.0
2020-03-16,traitement,1.0,5.0
2020-03-16,masque,1.0,5.0
2020-03-16,5g,,
2020-03-16,bilan,,
2020-03-16,complot,2.0,10.0
2020-03-16,experts,3.0,15.0
2020-03-16,politique,5.0,25.0
2020-03-16,laboratoire,2.0,10.0
2020-03-16,qanon,,
2020-03-16,entourage,3.0,15.0
2020-03-16,chine,3.0,15.0
2020-03-17,reseaux_sociaux,18.0,32.72727272727273
2020-03-17,virus,30.0,54.54545454545454
2020-03-17,traitement,8.0,14.545454545454545
2020-03-17,masque,2.0,3.6363636363636362
2020-03-17,5g,1.0,1.8181818181818181
2020-03-17,bilan,8.0,14.545454545454545
2020-03-17,complot,2.0,3.6363636363636362
2020-03-17,experts,4.0,7.2727272727272725
2020-03-17,politique,6.0,10.909090909090908
2020-03-17,laboratoire,2.0,3.6363636363636362
2020-03-17,qanon,1.0,1.8181818181818181
2020-03-17,entourage,11.0,20.0
2020-03-17,chine,6.0,10.909090909090908
2020-03-18,reseaux_sociaux,38.0,51.35135135135135
2020-03-18,virus,42.0,56.75675675675676
2020-03-18,traitement,1.0,1.3513513513513513
2020-03-18,masque,2.0,2.7027027027027026
2020-03-18,5g,,
2020-03-18,bilan,2.0,2.7027027027027026
2020-03-18,complot,6.0,8.108108108108109
2020-03-18,experts,1.0,1.3513513513513513
2020-03-18,politique,6.0,8.108108108108109
2020-03-18,laboratoire,4.0,5.405405405405405
2020-03-18,qanon,,
2020-03-18,entourage,5.0,6.756756756756757
2020-03-18,chine,3.0,4.054054054054054
2020-03-19,reseaux_sociaux,18.0,40.909090909090914
2020-03-19,virus,30.0,68.18181818181817
2020-03-19,traitement,7.0,15.909090909090908
2020-03-19,masque,2.0,4.545454545454546
2020-03-19,5g,2.0,4.545454545454546
2020-03-19,bilan,,
2020-03-19,complot,3.0,6.8181818181818175
2020-03-19,experts,2.0,4.545454545454546
2020-03-19,politique,4.0,9.090909090909092
2020-03-19,laboratoire,1.0,2.272727272727273
2020-03-19,qanon,,
2020-03-19,entourage,10.0,22.727272727272727
2020-03-19,chine,5.0,11.363636363636363
2020-03-20,reseaux_sociaux,12.0,33.33333333333333
2020-03-20,virus,22.0,61.111111111111114
2020-03-20,traitement,1.0,2.7777777777777777
2020-03-20,masque,,
2020-03-20,5g,1.0,2.7777777777777777
2020-03-20,bilan,1.0,2.7777777777777777
2020-03-20,complot,1.0,2.7777777777777777
2020-03-20,experts,1.0,2.7777777777777777
2020-03-20,politique,4.0,11.11111111111111
2020-03-20,laboratoire,2.0,5.555555555555555
2020-03-20,qanon,,
2020-03-20,entourage,9.0,25.0
2020-03-20,chine,4.0,11.11111111111111
2020-03-21,reseaux_sociaux,18.0,46.15384615384615
2020-03-21,virus,25.0,64.1025641025641
2020-03-21,traitement,3.0,7.6923076923076925
2020-03-21,masque,,
2020-03-21,5g,,
2020-03-21,bilan,2.0,5.128205128205128
2020-03-21,complot,,
2020-03-21,experts,,
2020-03-21,politique,7.0,17.94871794871795
2020-03-21,laboratoire,2.0,5.128205128205128
2020-03-21,qanon,,
2020-03-21,entourage,6.0,15.384615384615385
2020-03-21,chine,6.0,15.384615384615385
2020-03-22,reseaux_sociaux,23.0,46.93877551020408
2020-03-22,virus,26.0,53.06122448979592
2020-03-22,traitement,2.0,4.081632653061225
2020-03-22,masque,1.0,2.0408163265306123
2020-03-22,5g,1.0,2.0408163265306123
2020-03-22,bilan,2.0,4.081632653061225
2020-03-22,complot,2.0,4.081632653061225
2020-03-22,experts,2.0,4.081632653061225
2020-03-22,politique,7.0,14.285714285714285
2020-03-22,laboratoire,,
2020-03-22,qanon,,
2020-03-22,entourage,10.0,20.408163265306122
2020-03-22,chine,1.0,2.0408163265306123
2020-03-23,reseaux_sociaux,29.0,52.72727272727272
2020-03-23,virus,30.0,54.54545454545454
2020-03-23,traitement,2.0,3.6363636363636362
2020-03-23,masque,1.0,1.8181818181818181
2020-03-23,5g,,
2020-03-23,bilan,2.0,3.6363636363636362
2020-03-23,complot,4.0,7.2727272727272725
2020-03-23,experts,3.0,5.454545454545454
2020-03-23,politique,8.0,14.545454545454545
2020-03-23,laboratoire,,
2020-03-23,qanon,,
2020-03-23,entourage,8.0,14.545454545454545
2020-03-23,chine,7.0,12.727272727272727
2020-03-24,reseaux_sociaux,13.0,27.659574468085108
2020-03-24,virus,27.0,57.446808510638306
2020-03-24,traitement,4.0,8.51063829787234
2020-03-24,masque,5.0,10.638297872340425
2020-03-24,5g,,
2020-03-24,bilan,4.0,8.51063829787234
2020-03-24,complot,4.0,8.51063829787234
2020-03-24,experts,3.0,6.382978723404255
2020-03-24,politique,7.0,14.893617021276595
2020-03-24,laboratoire,1.0,2.127659574468085
2020-03-24,qanon,,
2020-03-24,entourage,10.0,21.27659574468085
2020-03-24,chine,7.0,14.893617021276595
2020-03-25,reseaux_sociaux,21.0,48.837209302325576
2020-03-25,virus,18.0,41.86046511627907
2020-03-25,traitement,2.0,4.651162790697675
2020-03-25,masque,1.0,2.3255813953488373
2020-03-25,5g,1.0,2.3255813953488373
2020-03-25,bilan,4.0,9.30232558139535
2020-03-25,complot,5.0,11.627906976744185
2020-03-25,experts,2.0,4.651162790697675
2020-03-25,politique,6.0,13.953488372093023
2020-03-25,laboratoire,1.0,2.3255813953488373
2020-03-25,qanon,,
2020-03-25,entourage,10.0,23.25581395348837
2020-03-25,chine,4.0,9.30232558139535
2020-03-26,reseaux_sociaux,39.0,51.31578947368421
2020-03-26,virus,33.0,43.42105263157895
2020-03-26,traitement,5.0,6.578947368421052
2020-03-26,masque,1.0,1.3157894736842104
2020-03-26,5g,,
2020-03-26,bilan,3.0,3.9473684210526314
2020-03-26,complot,3.0,3.9473684210526314
2020-03-26,experts,4.0,5.263157894736842
2020-03-26,politique,7.0,9.210526315789473
2020-03-26,laboratoire,1.0,1.3157894736842104
2020-03-26,qanon,1.0,1.3157894736842104
2020-03-26,entourage,11.0,14.473684210526317
2020-03-26,chine,4.0,5.263157894736842
2020-03-27,reseaux_sociaux,76.0,64.40677966101694
2020-03-27,virus,48.0,40.67796610169492
2020-03-27,traitement,9.0,7.627118644067797
2020-03-27,masque,1.0,0.847457627118644
2020-03-27,5g,2.0,1.694915254237288
2020-03-27,bilan,4.0,3.389830508474576
2020-03-27,complot,5.0,4.23728813559322
2020-03-27,experts,13.0,11.016949152542372
2020-03-27,politique,10.0,8.47457627118644
2020-03-27,laboratoire,2.0,1.694915254237288
2020-03-27,qanon,2.0,1.694915254237288
2020-03-27,entourage,11.0,9.322033898305085
2020-03-27,chine,6.0,5.084745762711865
2020-03-28,reseaux_sociaux,85.0,64.39393939393939
2020-03-28,virus,55.0,41.66666666666667
2020-03-28,traitement,15.0,11.363636363636363
2020-03-28,masque,3.0,2.272727272727273
2020-03-28,5g,,
2020-03-28,bilan,7.0,5.303030303030303
2020-03-28,complot,6.0,4.545454545454546
2020-03-28,experts,24.0,18.181818181818183
2020-03-28,politique,7.0,5.303030303030303
2020-03-28,laboratoire,3.0,2.272727272727273
2020-03-28,qanon,,
2020-03-28,entourage,14.0,10.606060606060606
2020-03-28,chine,9.0,6.8181818181818175
2020-03-29,reseaux_sociaux,53.0,50.476190476190474
2020-03-29,virus,45.0,42.857142857142854
2020-03-29,traitement,9.0,8.571428571428571
2020-03-29,masque,2.0,1.9047619047619049
2020-03-29,5g,,
2020-03-29,bilan,11.0,10.476190476190476
2020-03-29,complot,6.0,5.714285714285714
2020-03-29,experts,8.0,7.6190476190476195
2020-03-29,politique,7.0,6.666666666666667
2020-03-29,laboratoire,2.0,1.9047619047619049
2020-03-29,qanon,,
2020-03-29,entourage,7.0,6.666666666666667
2020-03-29,chine,17.0,16.19047619047619
2020-03-30,reseaux_sociaux,38.0,46.34146341463415
2020-03-30,virus,46.0,56.09756097560976
2020-03-30,traitement,5.0,6.097560975609756
2020-03-30,masque,2.0,2.4390243902439024
2020-03-30,5g,,
2020-03-30,bilan,8.0,9.75609756097561
2020-03-30,complot,4.0,4.878048780487805
2020-03-30,experts,2.0,2.4390243902439024
2020-03-30,politique,8.0,9.75609756097561
2020-03-30,laboratoire,3.0,3.6585365853658534
2020-03-30,qanon,1.0,1.2195121951219512
2020-03-30,entourage,6.0,7.317073170731707
2020-03-30,chine,9.0,10.975609756097562
2020-03-31,reseaux_sociaux,47.0,51.64835164835166
2020-03-31,virus,44.0,48.35164835164835
2020-03-31,traitement,7.0,7.6923076923076925
2020-03-31,masque,5.0,5.4945054945054945
2020-03-31,5g,,
2020-03-31,bilan,6.0,6.593406593406594
2020-03-31,complot,9.0,9.89010989010989
2020-03-31,experts,5.0,5.4945054945054945
2020-03-31,politique,7.0,7.6923076923076925
2020-03-31,laboratoire,1.0,1.098901098901099
2020-03-31,qanon,,
2020-03-31,entourage,9.0,9.89010989010989
2020-03-31,chine,12.0,13.186813186813188
2020-04-01,reseaux_sociaux,31.0,46.96969696969697
2020-04-01,virus,31.0,46.96969696969697
2020-04-01,traitement,10.0,15.151515151515152
2020-04-01,masque,6.0,9.090909090909092
2020-04-01,5g,,
2020-04-01,bilan,7.0,10.606060606060606
2020-04-01,complot,8.0,12.121212121212121
2020-04-01,experts,4.0,6.0606060606060606
2020-04-01,politique,9.0,13.636363636363635
2020-04-01,laboratoire,,
2020-04-01,qanon,1.0,1.5151515151515151
2020-04-01,entourage,10.0,15.151515151515152
2020-04-01,chine,10.0,15.151515151515152
2020-04-02,reseaux_sociaux,35.0,57.377049180327866
2020-04-02,virus,21.0,34.42622950819672
2020-04-02,traitement,5.0,8.19672131147541
2020-04-02,masque,11.0,18.0327868852459
2020-04-02,5g,,
2020-04-02,bilan,4.0,6.557377049180328
2020-04-02,complot,8.0,13.114754098360656
2020-04-02,experts,2.0,3.278688524590164
2020-04-02,politique,6.0,9.836065573770492
2020-04-02,laboratoire,2.0,3.278688524590164
2020-04-02,qanon,2.0,3.278688524590164
2020-04-02,entourage,10.0,16.39344262295082
2020-04-02,chine,10.0,16.39344262295082
2020-04-03,reseaux_sociaux,54.0,60.0
2020-04-03,virus,46.0,51.11111111111111
2020-04-03,traitement,7.0,7.777777777777778
2020-04-03,masque,7.0,7.777777777777778
2020-04-03,5g,,
2020-04-03,bilan,5.0,5.555555555555555
2020-04-03,complot,6.0,6.666666666666667
2020-04-03,experts,3.0,3.3333333333333335
2020-04-03,politique,9.0,10.0
2020-04-03,laboratoire,2.0,2.2222222222222223
2020-04-03,qanon,2.0,2.2222222222222223
2020-04-03,entourage,13.0,14.444444444444443
2020-04-03,chine,9.0,10.0
2020-04-04,reseaux_sociaux,33.0,51.5625
2020-04-04,virus,26.0,40.625
2020-04-04,traitement,2.0,3.125
2020-04-04,masque,4.0,6.25
2020-04-04,5g,,
2020-04-04,bilan,1.0,1.5625
2020-04-04,complot,4.0,6.25
2020-04-04,experts,3.0,4.6875
2020-04-04,politique,6.0,9.375
2020-04-04,laboratoire,,
2020-04-04,qanon,1.0,1.5625
2020-04-04,entourage,3.0,4.6875
2020-04-04,chine,9.0,14.0625
2020-04-05,reseaux_sociaux,33.0,63.46153846153846
2020-04-05,virus,23.0,44.230769230769226
2020-04-05,traitement,5.0,9.615384615384617
2020-04-05,masque,7.0,13.461538461538462
2020-04-05,5g,,
2020-04-05,bilan,1.0,1.9230769230769231
2020-04-05,complot,6.0,11.538461538461538
2020-04-05,experts,1.0,1.9230769230769231
2020-04-05,politique,6.0,11.538461538461538
2020-04-05,laboratoire,1.0,1.9230769230769231
2020-04-05,qanon,,
2020-04-05,entourage,7.0,13.461538461538462
2020-04-05,chine,9.0,17.307692307692307
2020-04-06,reseaux_sociaux,33.0,52.38095238095239
2020-04-06,virus,27.0,42.857142857142854
2020-04-06,traitement,10.0,15.873015873015872
2020-04-06,masque,6.0,9.523809523809524
2020-04-06,5g,1.0,1.5873015873015872
2020-04-06,bilan,1.0,1.5873015873015872
2020-04-06,complot,3.0,4.761904761904762
2020-04-06,experts,1.0,1.5873015873015872
2020-04-06,politique,6.0,9.523809523809524
2020-04-06,laboratoire,2.0,3.1746031746031744
2020-04-06,qanon,,
2020-04-06,entourage,7.0,11.11111111111111
2020-04-06,chine,7.0,11.11111111111111
2020-04-07,reseaux_sociaux,34.0,50.0
2020-04-07,virus,34.0,50.0
2020-04-07,traitement,5.0,7.352941176470589
2020-04-07,masque,5.0,7.352941176470589
2020-04-07,5g,2.0,2.941176470588235
2020-04-07,bilan,4.0,5.88235294117647
2020-04-07,complot,8.0,11.76470588235294
2020-04-07,experts,2.0,2.941176470588235
2020-04-07,politique,12.0,17.647058823529413
2020-04-07,laboratoire,1.0,1.4705882352941175
2020-04-07,qanon,,
2020-04-07,entourage,5.0,7.352941176470589
2020-04-07,chine,12.0,17.647058823529413
2020-04-08,reseaux_sociaux,39.0,55.714285714285715
2020-04-08,virus,27.0,38.57142857142858
2020-04-08,traitement,4.0,5.714285714285714
2020-04-08,masque,2.0,2.857142857142857
2020-04-08,5g,,
2020-04-08,bilan,1.0,1.4285714285714286
2020-04-08,complot,6.0,8.571428571428571
2020-04-08,experts,,
2020-04-08,politique,5.0,7.142857142857142
2020-04-08,laboratoire,2.0,2.857142857142857
2020-04-08,qanon,,
2020-04-08,entourage,10.0,14.285714285714285
2020-04-08,chine,8.0,11.428571428571429
2020-04-09,reseaux_sociaux,38.0,46.913580246913575
2020-04-09,virus,42.0,51.85185185185185
2020-04-09,traitement,11.0,13.580246913580247
2020-04-09,masque,2.0,2.4691358024691357
2020-04-09,5g,3.0,3.7037037037037033
2020-04-09,bilan,6.0,7.4074074074074066
2020-04-09,complot,7.0,8.641975308641975
2020-04-09,experts,3.0,3.7037037037037033
2020-04-09,politique,14.0,17.28395061728395
2020-04-09,laboratoire,2.0,2.4691358024691357
2020-04-09,qanon,2.0,2.4691358024691357
2020-04-09,entourage,14.0,17.28395061728395
2020-04-09,chine,10.0,12.345679012345679
2020-04-10,reseaux_sociaux,26.0,50.0
2020-04-10,virus,31.0,59.61538461538461
2020-04-10,traitement,8.0,15.384615384615385
2020-04-10,masque,1.0,1.9230769230769231
2020-04-10,5g,,
2020-04-10,bilan,6.0,11.538461538461538
2020-04-10,complot,7.0,13.461538461538462
2020-04-10,experts,2.0,3.8461538461538463
2020-04-10,politique,4.0,7.6923076923076925
2020-04-10,laboratoire,2.0,3.8461538461538463
2020-04-10,qanon,,
2020-04-10,entourage,6.0,11.538461538461538
2020-04-10,chine,5.0,9.615384615384617
2020-04-11,reseaux_sociaux,48.0,67.6056338028169
2020-04-11,virus,30.0,42.25352112676056
2020-04-11,traitement,5.0,7.042253521126761
2020-04-11,masque,3.0,4.225352112676056
2020-04-11,5g,,
2020-04-11,bilan,8.0,11.267605633802818
2020-04-11,complot,12.0,16.901408450704224
2020-04-11,experts,1.0,1.4084507042253522
2020-04-11,politique,5.0,7.042253521126761
2020-04-11,laboratoire,3.0,4.225352112676056
2020-04-11,qanon,,
2020-04-11,entourage,8.0,11.267605633802818
2020-04-11,chine,5.0,7.042253521126761
2020-04-12,reseaux_sociaux,38.0,67.85714285714286
2020-04-12,virus,28.0,50.0
2020-04-12,traitement,7.0,12.5
2020-04-12,masque,,
2020-04-12,5g,1.0,1.7857142857142856
2020-04-12,bilan,4.0,7.142857142857142
2020-04-12,complot,4.0,7.142857142857142
2020-04-12,experts,,
2020-04-12,politique,6.0,10.714285714285714
2020-04-12,laboratoire,1.0,1.7857142857142856
2020-04-12,qanon,,
2020-04-12,entourage,11.0,19.642857142857142
2020-04-12,chine,8.0,14.285714285714285
2020-04-13,reseaux_sociaux,66.0,56.41025641025641
2020-04-13,virus,47.0,40.17094017094017
2020-04-13,traitement,15.0,12.82051282051282
2020-04-13,masque,1.0,0.8547008547008548
2020-04-13,5g,5.0,4.273504273504273
2020-04-13,bilan,10.0,8.547008547008547
2020-04-13,complot,18.0,15.384615384615385
2020-04-13,experts,5.0,4.273504273504273
2020-04-13,politique,22.0,18.803418803418804
2020-04-13,laboratoire,,
2020-04-13,qanon,1.0,0.8547008547008548
2020-04-13,entourage,20.0,17.094017094017094
2020-04-13,chine,8.0,6.837606837606838
2020-04-14,reseaux_sociaux,55.0,56.70103092783505
2020-04-14,virus,48.0,49.48453608247423
2020-04-14,traitement,22.0,22.68041237113402
2020-04-14,masque,,
2020-04-14,5g,3.0,3.0927835051546393
2020-04-14,bilan,8.0,8.24742268041237
2020-04-14,complot,6.0,6.185567010309279
2020-04-14,experts,3.0,3.0927835051546393
2020-04-14,politique,18.0,18.556701030927837
2020-04-14,laboratoire,2.0,2.0618556701030926
2020-04-14,qanon,1.0,1.0309278350515463
2020-04-14,entourage,14.0,14.432989690721648
2020-04-14,chine,12.0,12.371134020618557
2020-04-15,reseaux_sociaux,62.0,63.91752577319587
2020-04-15,virus,43.0,44.329896907216494
2020-04-15,traitement,9.0,9.278350515463918
2020-04-15,masque,2.0,2.0618556701030926
2020-04-15,5g,2.0,2.0618556701030926
2020-04-15,bilan,3.0,3.0927835051546393
2020-04-15,complot,11.0,11.34020618556701
2020-04-15,experts,4.0,4.123711340206185
2020-04-15,politique,19.0,19.587628865979383
2020-04-15,laboratoire,3.0,3.0927835051546393
2020-04-15,qanon,1.0,1.0309278350515463
2020-04-15,entourage,10.0,10.309278350515463
2020-04-15,chine,16.0,16.49484536082474
2020-04-16,reseaux_sociaux,61.0,70.93023255813954
2020-04-16,virus,45.0,52.32558139534884
2020-04-16,traitement,3.0,3.488372093023256
2020-04-16,masque,,
2020-04-16,5g,1.0,1.1627906976744187
2020-04-16,bilan,7.0,8.13953488372093
2020-04-16,complot,8.0,9.30232558139535
2020-04-16,experts,4.0,4.651162790697675
2020-04-16,politique,18.0,20.930232558139537
2020-04-16,laboratoire,6.0,6.976744186046512
2020-04-16,qanon,,
2020-04-16,entourage,12.0,13.953488372093023
2020-04-16,chine,13.0,15.11627906976744
2020-04-17,reseaux_sociaux,59.0,64.13043478260869
2020-04-17,virus,44.0,47.82608695652174
2020-04-17,traitement,7.0,7.608695652173914
2020-04-17,masque,1.0,1.0869565217391304
2020-04-17,5g,,
2020-04-17,bilan,8.0,8.695652173913043
2020-04-17,complot,12.0,13.043478260869565
2020-04-17,experts,20.0,21.73913043478261
2020-04-17,politique,9.0,9.782608695652174
2020-04-17,laboratoire,12.0,13.043478260869565
2020-04-17,qanon,,
2020-04-17,entourage,11.0,11.956521739130435
2020-04-17,chine,16.0,17.391304347826086
2020-04-18,reseaux_sociaux,60.0,68.96551724137932
2020-04-18,virus,29.0,33.33333333333333
2020-04-18,traitement,8.0,9.195402298850574
2020-04-18,masque,,
2020-04-18,5g,2.0,2.2988505747126435
2020-04-18,bilan,2.0,2.2988505747126435
2020-04-18,complot,7.0,8.045977011494253
2020-04-18,experts,15.0,17.24137931034483
2020-04-18,politique,5.0,5.747126436781609
2020-04-18,laboratoire,4.0,4.597701149425287
2020-04-18,qanon,,
2020-04-18,entourage,11.0,12.643678160919542
2020-04-18,chine,5.0,5.747126436781609
2020-04-19,reseaux_sociaux,55.0,67.07317073170732
2020-04-19,virus,33.0,40.243902439024396
2020-04-19,traitement,10.0,12.195121951219512
2020-04-19,masque,,
2020-04-19,5g,,
2020-04-19,bilan,3.0,3.6585365853658534
2020-04-19,complot,9.0,10.975609756097562
2020-04-19,experts,10.0,12.195121951219512
2020-04-19,politique,9.0,10.975609756097562
2020-04-19,laboratoire,8.0,9.75609756097561
2020-04-19,qanon,1.0,1.2195121951219512
2020-04-19,entourage,10.0,12.195121951219512
2020-04-19,chine,7.0,8.536585365853659
2020-04-20,reseaux_sociaux,43.0,59.72222222222222
2020-04-20,virus,38.0,52.77777777777778
2020-04-20,traitement,12.0,16.666666666666664
2020-04-20,masque,1.0,1.3888888888888888
2020-04-20,5g,,
2020-04-20,bilan,4.0,5.555555555555555
2020-04-20,complot,5.0,6.944444444444445
2020-04-20,experts,8.0,11.11111111111111
2020-04-20,politique,7.0,9.722222222222223
2020-04-20,laboratoire,8.0,11.11111111111111
2020-04-20,qanon,1.0,1.3888888888888888
2020-04-20,entourage,7.0,9.722222222222223
2020-04-20,chine,9.0,12.5
2020-04-21,reseaux_sociaux,35.0,52.23880597014925
2020-04-21,virus,35.0,52.23880597014925
2020-04-21,traitement,7.0,10.44776119402985
2020-04-21,masque,1.0,1.4925373134328357
2020-04-21,5g,1.0,1.4925373134328357
2020-04-21,bilan,6.0,8.955223880597014
2020-04-21,complot,7.0,10.44776119402985
2020-04-21,experts,8.0,11.940298507462686
2020-04-21,politique,5.0,7.462686567164178
2020-04-21,laboratoire,1.0,1.4925373134328357
2020-04-21,qanon,2.0,2.9850746268656714
2020-04-21,entourage,12.0,17.91044776119403
2020-04-21,chine,8.0,11.940298507462686
2020-04-22,reseaux_sociaux,44.0,55.00000000000001
2020-04-22,virus,28.0,35.0
2020-04-22,traitement,14.0,17.5
2020-04-22,masque,1.0,1.25
2020-04-22,5g,5.0,6.25
2020-04-22,bilan,6.0,7.5
2020-04-22,complot,4.0,5.0
2020-04-22,experts,6.0,7.5
2020-04-22,politique,5.0,6.25
2020-04-22,laboratoire,3.0,3.75
2020-04-22,qanon,,
2020-04-22,entourage,9.0,11.25
2020-04-22,chine,8.0,10.0
2020-04-23,reseaux_sociaux,24.0,51.06382978723404
2020-04-23,virus,20.0,42.5531914893617
2020-04-23,traitement,5.0,10.638297872340425
2020-04-23,masque,1.0,2.127659574468085
2020-04-23,5g,,
2020-04-23,bilan,3.0,6.382978723404255
2020-04-23,complot,4.0,8.51063829787234
2020-04-23,experts,2.0,4.25531914893617
2020-04-23,politique,3.0,6.382978723404255
2020-04-23,laboratoire,,
2020-04-23,qanon,,
2020-04-23,entourage,5.0,10.638297872340425
2020-04-23,chine,1.0,2.127659574468085
2020-04-24,reseaux_sociaux,29.0,60.416666666666664
2020-04-24,virus,25.0,52.083333333333336
2020-04-24,traitement,9.0,18.75
2020-04-24,masque,1.0,2.083333333333333
2020-04-24,5g,1.0,2.083333333333333
2020-04-24,bilan,4.0,8.333333333333332
2020-04-24,complot,6.0,12.5
2020-04-24,experts,3.0,6.25
2020-04-24,politique,9.0,18.75
2020-04-24,laboratoire,2.0,4.166666666666666
2020-04-24,qanon,1.0,2.083333333333333
2020-04-24,entourage,5.0,10.416666666666668
2020-04-24,chine,6.0,12.5
2020-04-25,reseaux_sociaux,21.0,48.837209302325576
2020-04-25,virus,18.0,41.86046511627907
2020-04-25,traitement,5.0,11.627906976744185
2020-04-25,masque,2.0,4.651162790697675
2020-04-25,5g,1.0,2.3255813953488373
2020-04-25,bilan,4.0,9.30232558139535
2020-04-25,complot,9.0,20.930232558139537
2020-04-25,experts,1.0,2.3255813953488373
2020-04-25,politique,4.0,9.30232558139535
2020-04-25,laboratoire,1.0,2.3255813953488373
2020-04-25,qanon,,
2020-04-25,entourage,4.0,9.30232558139535
2020-04-25,chine,2.0,4.651162790697675
2020-04-26,reseaux_sociaux,21.0,38.18181818181819
2020-04-26,virus,28.0,50.90909090909091
2020-04-26,traitement,8.0,14.545454545454545
2020-04-26,masque,2.0,3.6363636363636362
2020-04-26,5g,,
2020-04-26,bilan,4.0,7.2727272727272725
2020-04-26,complot,5.0,9.090909090909092
2020-04-26,experts,1.0,1.8181818181818181
2020-04-26,politique,11.0,20.0
2020-04-26,laboratoire,2.0,3.6363636363636362
2020-04-26,qanon,,
2020-04-26,entourage,6.0,10.909090909090908
2020-04-26,chine,3.0,5.454545454545454
2020-04-27,reseaux_sociaux,24.0,42.857142857142854
2020-04-27,virus,32.0,57.14285714285714
2020-04-27,traitement,10.0,17.857142857142858
2020-04-27,masque,1.0,1.7857142857142856
2020-04-27,5g,1.0,1.7857142857142856
2020-04-27,bilan,10.0,17.857142857142858
2020-04-27,complot,7.0,12.5
2020-04-27,experts,12.0,21.428571428571427
2020-04-27,politique,11.0,19.642857142857142
2020-04-27,laboratoire,4.0,7.142857142857142
2020-04-27,qanon,,
2020-04-27,entourage,7.0,12.5
2020-04-27,chine,8.0,14.285714285714285
2020-04-28,reseaux_sociaux,26.0,47.27272727272727
2020-04-28,virus,30.0,54.54545454545454
2020-04-28,traitement,4.0,7.2727272727272725
2020-04-28,masque,2.0,3.6363636363636362
2020-04-28,5g,1.0,1.8181818181818181
2020-04-28,bilan,4.0,7.2727272727272725
2020-04-28,complot,4.0,7.2727272727272725
2020-04-28,experts,5.0,9.090909090909092
2020-04-28,politique,9.0,16.363636363636363
2020-04-28,laboratoire,4.0,7.2727272727272725
2020-04-28,qanon,,
2020-04-28,entourage,5.0,9.090909090909092
2020-04-28,chine,7.0,12.727272727272727
2020-04-29,reseaux_sociaux,39.0,57.35294117647059
2020-04-29,virus,35.0,51.470588235294116
2020-04-29,traitement,7.0,10.294117647058822
2020-04-29,masque,2.0,2.941176470588235
2020-04-29,5g,6.0,8.823529411764707
2020-04-29,bilan,3.0,4.411764705882353
2020-04-29,complot,7.0,10.294117647058822
2020-04-29,experts,3.0,4.411764705882353
2020-04-29,politique,10.0,14.705882352941178
2020-04-29,laboratoire,2.0,2.941176470588235
2020-04-29,qanon,,
2020-04-29,entourage,11.0,16.176470588235293
2020-04-29,chine,3.0,4.411764705882353
2020-04-30,reseaux_sociaux,28.0,48.275862068965516
2020-04-30,virus,19.0,32.758620689655174
2020-04-30,traitement,3.0,5.172413793103448
2020-04-30,masque,1.0,1.7241379310344827
2020-04-30,5g,,
2020-04-30,bilan,2.0,3.4482758620689653
2020-04-30,complot,6.0,10.344827586206897
2020-04-30,experts,3.0,5.172413793103448
2020-04-30,politique,6.0,10.344827586206897
2020-04-30,laboratoire,,
2020-04-30,qanon,,
2020-04-30,entourage,5.0,8.620689655172415
2020-04-30,chine,2.0,3.4482758620689653
2020-05-01,reseaux_sociaux,24.0,48.97959183673469
2020-05-01,virus,23.0,46.93877551020408
2020-05-01,traitement,1.0,2.0408163265306123
2020-05-01,masque,2.0,4.081632653061225
2020-05-01,5g,1.0,2.0408163265306123
2020-05-01,bilan,4.0,8.16326530612245
2020-05-01,complot,5.0,10.204081632653061
2020-05-01,experts,4.0,8.16326530612245
2020-05-01,politique,3.0,6.122448979591836
2020-05-01,laboratoire,1.0,2.0408163265306123
2020-05-01,qanon,,
2020-05-01,entourage,9.0,18.367346938775512
2020-05-01,chine,5.0,10.204081632653061
2020-05-02,reseaux_sociaux,8.0,50.0
2020-05-02,virus,9.0,56.25
2020-05-02,traitement,1.0,6.25
2020-05-02,masque,3.0,18.75
2020-05-02,5g,1.0,6.25
2020-05-02,bilan,1.0,6.25
2020-05-02,complot,1.0,6.25
2020-05-02,experts,1.0,6.25
2020-05-02,politique,1.0,6.25
2020-05-02,laboratoire,,
2020-05-02,qanon,,
2020-05-02,entourage,1.0,6.25
2020-05-02,chine,1.0,6.25
2020-05-03,reseaux_sociaux,15.0,44.11764705882353
2020-05-03,virus,15.0,44.11764705882353
2020-05-03,traitement,6.0,17.647058823529413
2020-05-03,masque,1.0,2.941176470588235
2020-05-03,5g,,
2020-05-03,bilan,2.0,5.88235294117647
2020-05-03,complot,5.0,14.705882352941178
2020-05-03,experts,3.0,8.823529411764707
2020-05-03,politique,5.0,14.705882352941178
2020-05-03,laboratoire,2.0,5.88235294117647
2020-05-03,qanon,,
2020-05-03,entourage,6.0,17.647058823529413
2020-05-03,chine,4.0,11.76470588235294
2020-05-04,reseaux_sociaux,36.0,53.73134328358209
2020-05-04,virus,29.0,43.28358208955223
2020-05-04,traitement,7.0,10.44776119402985
2020-05-04,masque,3.0,4.477611940298507
2020-05-04,5g,3.0,4.477611940298507
2020-05-04,bilan,6.0,8.955223880597014
2020-05-04,complot,15.0,22.388059701492537
2020-05-04,experts,3.0,4.477611940298507
2020-05-04,politique,12.0,17.91044776119403
2020-05-04,laboratoire,6.0,8.955223880597014
2020-05-04,qanon,1.0,1.4925373134328357
2020-05-04,entourage,9.0,13.432835820895523
2020-05-04,chine,7.0,10.44776119402985
2020-05-05,reseaux_sociaux,25.0,50.0
2020-05-05,virus,20.0,40.0
2020-05-05,traitement,5.0,10.0
2020-05-05,masque,4.0,8.0
2020-05-05,5g,5.0,10.0
2020-05-05,bilan,6.0,12.0
2020-05-05,complot,8.0,16.0
2020-05-05,experts,3.0,6.0
2020-05-05,politique,9.0,18.0
2020-05-05,laboratoire,,
2020-05-05,qanon,,
2020-05-05,entourage,7.0,14.000000000000002
2020-05-05,chine,5.0,10.0
2020-05-06,reseaux_sociaux,33.0,60.0
2020-05-06,virus,26.0,47.27272727272727
2020-05-06,traitement,3.0,5.454545454545454
2020-05-06,masque,2.0,3.6363636363636362
2020-05-06,5g,8.0,14.545454545454545
2020-05-06,bilan,3.0,5.454545454545454
2020-05-06,complot,11.0,20.0
2020-05-06,experts,12.0,21.818181818181817
2020-05-06,politique,1.0,1.8181818181818181
2020-05-06,laboratoire,,
2020-05-06,qanon,,
2020-05-06,entourage,4.0,7.2727272727272725
2020-05-06,chine,7.0,12.727272727272727
2020-05-07,reseaux_sociaux,28.0,68.29268292682927
2020-05-07,virus,19.0,46.34146341463415
2020-05-07,traitement,6.0,14.634146341463413
2020-05-07,masque,2.0,4.878048780487805
2020-05-07,5g,,
2020-05-07,bilan,3.0,7.317073170731707
2020-05-07,complot,7.0,17.073170731707318
2020-05-07,experts,6.0,14.634146341463413
2020-05-07,politique,6.0,14.634146341463413
2020-05-07,laboratoire,3.0,7.317073170731707
2020-05-07,qanon,1.0,2.4390243902439024
2020-05-07,entourage,7.0,17.073170731707318
2020-05-07,chine,3.0,7.317073170731707
2020-05-08,reseaux_sociaux,16.0,51.61290322580645
2020-05-08,virus,19.0,61.29032258064516
2020-05-08,traitement,7.0,22.58064516129032
2020-05-08,masque,,
2020-05-08,5g,5.0,16.129032258064516
2020-05-08,bilan,5.0,16.129032258064516
2020-05-08,complot,3.0,9.67741935483871
2020-05-08,experts,2.0,6.451612903225806
2020-05-08,politique,3.0,9.67741935483871
2020-05-08,laboratoire,1.0,3.225806451612903
2020-05-08,qanon,,
2020-05-08,entourage,4.0,12.903225806451612
2020-05-08,chine,2.0,6.451612903225806
2020-05-09,reseaux_sociaux,12.0,44.44444444444444
2020-05-09,virus,17.0,62.96296296296296
2020-05-09,traitement,7.0,25.925925925925924
2020-05-09,masque,2.0,7.4074074074074066
2020-05-09,5g,2.0,7.4074074074074066
2020-05-09,bilan,1.0,3.7037037037037033
2020-05-09,complot,2.0,7.4074074074074066
2020-05-09,experts,2.0,7.4074074074074066
2020-05-09,politique,4.0,14.814814814814813
2020-05-09,laboratoire,3.0,11.11111111111111
2020-05-09,qanon,2.0,7.4074074074074066
2020-05-09,entourage,1.0,3.7037037037037033
2020-05-09,chine,3.0,11.11111111111111
2020-05-10,reseaux_sociaux,25.0,56.81818181818182
2020-05-10,virus,11.0,25.0
2020-05-10,traitement,6.0,13.636363636363635
2020-05-10,masque,2.0,4.545454545454546
2020-05-10,5g,1.0,2.272727272727273
2020-05-10,bilan,3.0,6.8181818181818175
2020-05-10,complot,7.0,15.909090909090908
2020-05-10,experts,3.0,6.8181818181818175
2020-05-10,politique,9.0,20.454545454545457
2020-05-10,laboratoire,1.0,2.272727272727273
2020-05-10,qanon,,
2020-05-10,entourage,8.0,18.181818181818183
2020-05-10,chine,4.0,9.090909090909092
2020-05-11,reseaux_sociaux,19.0,65.51724137931035
2020-05-11,virus,12.0,41.37931034482759
2020-05-11,traitement,5.0,17.24137931034483
2020-05-11,masque,,
2020-05-11,5g,6.0,20.689655172413794
2020-05-11,bilan,4.0,13.793103448275861
2020-05-11,complot,5.0,17.24137931034483
2020-05-11,experts,5.0,17.24137931034483
2020-05-11,politique,4.0,13.793103448275861
2020-05-11,laboratoire,,
2020-05-11,qanon,,
2020-05-11,entourage,4.0,13.793103448275861
2020-05-11,chine,2.0,6.896551724137931
2020-05-12,reseaux_sociaux,34.0,69.38775510204081
2020-05-12,virus,27.0,55.10204081632652
2020-05-12,traitement,11.0,22.448979591836736
2020-05-12,masque,3.0,6.122448979591836
2020-05-12,5g,,
2020-05-12,bilan,13.0,26.53061224489796
2020-05-12,complot,6.0,12.244897959183673
2020-05-12,experts,4.0,8.16326530612245
2020-05-12,politique,5.0,10.204081632653061
2020-05-12,laboratoire,3.0,6.122448979591836
2020-05-12,qanon,,
2020-05-12,entourage,4.0,8.16326530612245
2020-05-12,chine,10.0,20.408163265306122
2020-05-13,reseaux_sociaux,24.0,61.53846153846154
2020-05-13,virus,17.0,43.58974358974359
2020-05-13,traitement,12.0,30.76923076923077
2020-05-13,masque,4.0,10.256410256410255
2020-05-13,5g,2.0,5.128205128205128
2020-05-13,bilan,3.0,7.6923076923076925
2020-05-13,complot,1.0,2.564102564102564
2020-05-13,experts,3.0,7.6923076923076925
2020-05-13,politique,7.0,17.94871794871795
2020-05-13,laboratoire,2.0,5.128205128205128
2020-05-13,qanon,,
2020-05-13,entourage,4.0,10.256410256410255
2020-05-13,chine,2.0,5.128205128205128
2020-05-14,reseaux_sociaux,22.0,70.96774193548387
2020-05-14,virus,9.0,29.03225806451613
2020-05-14,traitement,1.0,3.225806451612903
2020-05-14,masque,2.0,6.451612903225806
2020-05-14,5g,,
2020-05-14,bilan,4.0,12.903225806451612
2020-05-14,complot,4.0,12.903225806451612
2020-05-14,experts,2.0,6.451612903225806
2020-05-14,politique,4.0,12.903225806451612
2020-05-14,laboratoire,,
2020-05-14,qanon,,
2020-05-14,entourage,1.0,3.225806451612903
2020-05-14,chine,1.0,3.225806451612903
2020-05-15,reseaux_sociaux,10.0,34.48275862068966
2020-05-15,virus,15.0,51.724137931034484
2020-05-15,traitement,8.0,27.586206896551722
2020-05-15,masque,4.0,13.793103448275861
2020-05-15,5g,,
2020-05-15,bilan,7.0,24.137931034482758
2020-05-15,complot,3.0,10.344827586206897
2020-05-15,experts,2.0,6.896551724137931
2020-05-15,politique,3.0,10.344827586206897
2020-05-15,laboratoire,1.0,3.4482758620689653
2020-05-15,qanon,,
2020-05-15,entourage,3.0,10.344827586206897
2020-05-15,chine,3.0,10.344827586206897
2020-05-16,reseaux_sociaux,12.0,41.37931034482759
2020-05-16,virus,8.0,27.586206896551722
2020-05-16,traitement,3.0,10.344827586206897
2020-05-16,masque,8.0,27.586206896551722
2020-05-16,5g,1.0,3.4482758620689653
2020-05-16,bilan,2.0,6.896551724137931
2020-05-16,complot,4.0,13.793103448275861
2020-05-16,experts,,
2020-05-16,politique,2.0,6.896551724137931
2020-05-16,laboratoire,,
2020-05-16,qanon,,
2020-05-16,entourage,3.0,10.344827586206897
2020-05-16,chine,4.0,13.793103448275861
2020-05-17,reseaux_sociaux,27.0,61.36363636363637
2020-05-17,virus,17.0,38.63636363636363
2020-05-17,traitement,12.0,27.27272727272727
2020-05-17,masque,6.0,13.636363636363635
2020-05-17,5g,3.0,6.8181818181818175
2020-05-17,bilan,12.0,27.27272727272727
2020-05-17,complot,4.0,9.090909090909092
2020-05-17,experts,3.0,6.8181818181818175
2020-05-17,politique,5.0,11.363636363636363
2020-05-17,laboratoire,2.0,4.545454545454546
2020-05-17,qanon,,
2020-05-17,entourage,2.0,4.545454545454546
2020-05-17,chine,11.0,25.0
2020-05-18,reseaux_sociaux,18.0,54.54545454545454
2020-05-18,virus,17.0,51.515151515151516
2020-05-18,traitement,7.0,21.21212121212121
2020-05-18,masque,5.0,15.151515151515152
2020-05-18,5g,1.0,3.0303030303030303
2020-05-18,bilan,6.0,18.181818181818183
2020-05-18,complot,7.0,21.21212121212121
2020-05-18,experts,3.0,9.090909090909092
2020-05-18,politique,7.0,21.21212121212121
2020-05-18,laboratoire,1.0,3.0303030303030303
2020-05-18,qanon,1.0,3.0303030303030303
2020-05-18,entourage,6.0,18.181818181818183
2020-05-18,chine,3.0,9.090909090909092
2020-05-19,reseaux_sociaux,13.0,48.148148148148145
2020-05-19,virus,9.0,33.33333333333333
2020-05-19,traitement,3.0,11.11111111111111
2020-05-19,masque,3.0,11.11111111111111
2020-05-19,5g,,
2020-05-19,bilan,3.0,11.11111111111111
2020-05-19,complot,1.0,3.7037037037037033
2020-05-19,experts,1.0,3.7037037037037033
2020-05-19,politique,6.0,22.22222222222222
2020-05-19,laboratoire,,
2020-05-19,qanon,,
2020-05-19,entourage,8.0,29.629629629629626
2020-05-19,chine,2.0,7.4074074074074066
2020-05-20,reseaux_sociaux,11.0,64.70588235294117
2020-05-20,virus,3.0,17.647058823529413
2020-05-20,traitement,2.0,11.76470588235294
2020-05-20,masque,1.0,5.88235294117647
2020-05-20,5g,,
2020-05-20,bilan,2.0,11.76470588235294
2020-05-20,complot,1.0,5.88235294117647
2020-05-20,experts,1.0,5.88235294117647
2020-05-20,politique,1.0,5.88235294117647
2020-05-20,laboratoire,,
2020-05-20,qanon,,
2020-05-20,entourage,3.0,17.647058823529413
2020-05-20,chine,,
2020-05-21,reseaux_sociaux,13.0,61.904761904761905
2020-05-21,virus,12.0,57.14285714285714
2020-05-21,traitement,4.0,19.047619047619047
2020-05-21,masque,4.0,19.047619047619047
2020-05-21,5g,,
2020-05-21,bilan,5.0,23.809523809523807
2020-05-21,complot,5.0,23.809523809523807
2020-05-21,experts,1.0,4.761904761904762
2020-05-21,politique,5.0,23.809523809523807
2020-05-21,laboratoire,1.0,4.761904761904762
2020-05-21,qanon,,
2020-05-21,entourage,6.0,28.57142857142857
2020-05-21,chine,4.0,19.047619047619047
2020-05-22,reseaux_sociaux,15.0,53.57142857142857
2020-05-22,virus,18.0,64.28571428571429
2020-05-22,traitement,6.0,21.428571428571427
2020-05-22,masque,5.0,17.857142857142858
2020-05-22,5g,1.0,3.571428571428571
2020-05-22,bilan,6.0,21.428571428571427
2020-05-22,complot,3.0,10.714285714285714
2020-05-22,experts,1.0,3.571428571428571
2020-05-22,politique,5.0,17.857142857142858
2020-05-22,laboratoire,,
2020-05-22,qanon,,
2020-05-22,entourage,8.0,28.57142857142857
2020-05-22,chine,2.0,7.142857142857142
2020-05-23,reseaux_sociaux,10.0,55.55555555555556
2020-05-23,virus,7.0,38.88888888888889
2020-05-23,traitement,3.0,16.666666666666664
2020-05-23,masque,1.0,5.555555555555555
2020-05-23,5g,1.0,5.555555555555555
2020-05-23,bilan,1.0,5.555555555555555
2020-05-23,complot,2.0,11.11111111111111
2020-05-23,experts,,
2020-05-23,politique,4.0,22.22222222222222
2020-05-23,laboratoire,1.0,5.555555555555555
2020-05-23,qanon,,
2020-05-23,entourage,2.0,11.11111111111111
2020-05-23,chine,1.0,5.555555555555555
2020-05-24,reseaux_sociaux,13.0,68.42105263157895
2020-05-24,virus,9.0,47.368421052631575
2020-05-24,traitement,4.0,21.052631578947366
2020-05-24,masque,,
2020-05-24,5g,,
2020-05-24,bilan,4.0,21.052631578947366
2020-05-24,complot,3.0,15.789473684210526
2020-05-24,experts,1.0,5.263157894736842
2020-05-24,politique,4.0,21.052631578947366
2020-05-24,laboratoire,,
2020-05-24,qanon,,
2020-05-24,entourage,5.0,26.31578947368421
2020-05-24,chine,3.0,15.789473684210526
2020-05-25,reseaux_sociaux,8.0,50.0
2020-05-25,virus,7.0,43.75
2020-05-25,traitement,2.0,12.5
2020-05-25,masque,,
2020-05-25,5g,2.0,12.5
2020-05-25,bilan,2.0,12.5
2020-05-25,complot,,
2020-05-25,experts,,
2020-05-25,politique,3.0,18.75
2020-05-25,laboratoire,1.0,6.25
2020-05-25,qanon,,
2020-05-25,entourage,,
2020-05-25,chine,5.0,31.25
2020-05-26,reseaux_sociaux,10.0,58.82352941176471
2020-05-26,virus,6.0,35.294117647058826
2020-05-26,traitement,1.0,5.88235294117647
2020-05-26,masque,,
2020-05-26,5g,1.0,5.88235294117647
2020-05-26,bilan,,
2020-05-26,complot,4.0,23.52941176470588
2020-05-26,experts,1.0,5.88235294117647
2020-05-26,politique,5.0,29.411764705882355
2020-05-26,laboratoire,,
2020-05-26,qanon,1.0,5.88235294117647
2020-05-26,entourage,3.0,17.647058823529413
2020-05-26,chine,2.0,11.76470588235294
2020-05-27,reseaux_sociaux,11.0,57.89473684210527
2020-05-27,virus,5.0,26.31578947368421
2020-05-27,traitement,3.0,15.789473684210526
2020-05-27,masque,,
2020-05-27,5g,,
2020-05-27,bilan,1.0,5.263157894736842
2020-05-27,complot,2.0,10.526315789473683
2020-05-27,experts,,
2020-05-27,politique,3.0,15.789473684210526
2020-05-27,laboratoire,,
2020-05-27,qanon,,
2020-05-27,entourage,3.0,15.789473684210526
2020-05-27,chine,2.0,10.526315789473683
2020-05-28,reseaux_sociaux,11.0,78.57142857142857
2020-05-28,virus,7.0,50.0
2020-05-28,traitement,1.0,7.142857142857142
2020-05-28,masque,2.0,14.285714285714285
2020-05-28,5g,,
2020-05-28,bilan,5.0,35.714285714285715
2020-05-28,complot,3.0,21.428571428571427
2020-05-28,experts,,
2020-05-28,politique,4.0,28.57142857142857
2020-05-28,laboratoire,,
2020-05-28,qanon,,
2020-05-28,entourage,5.0,35.714285714285715
2020-05-28,chine,1.0,7.142857142857142
2020-05-29,reseaux_sociaux,7.0,38.88888888888889
2020-05-29,virus,10.0,55.55555555555556
2020-05-29,traitement,2.0,11.11111111111111
2020-05-29,masque,2.0,11.11111111111111
2020-05-29,5g,,
2020-05-29,bilan,3.0,16.666666666666664
2020-05-29,complot,1.0,5.555555555555555
2020-05-29,experts,2.0,11.11111111111111
2020-05-29,politique,7.0,38.88888888888889
2020-05-29,laboratoire,,
2020-05-29,qanon,,
2020-05-29,entourage,2.0,11.11111111111111
2020-05-29,chine,1.0,5.555555555555555
2020-05-30,reseaux_sociaux,9.0,75.0
2020-05-30,virus,1.0,8.333333333333332
2020-05-30,traitement,1.0,8.333333333333332
2020-05-30,masque,1.0,8.333333333333332
2020-05-30,5g,,
2020-05-30,bilan,,
2020-05-30,complot,4.0,33.33333333333333
2020-05-30,experts,1.0,8.333333333333332
2020-05-30,politique,4.0,33.33333333333333
2020-05-30,laboratoire,,
2020-05-30,qanon,,
2020-05-30,entourage,3.0,25.0
2020-05-30,chine,1.0,8.333333333333332
2020-05-31,reseaux_sociaux,6.0,35.294117647058826
2020-05-31,virus,5.0,29.411764705882355
2020-05-31,traitement,,
2020-05-31,masque,1.0,5.88235294117647
2020-05-31,5g,,
2020-05-31,bilan,,
2020-05-31,complot,5.0,29.411764705882355
2020-05-31,experts,,
2020-05-31,politique,1.0,5.88235294117647
2020-05-31,laboratoire,1.0,5.88235294117647
2020-05-31,qanon,,
2020-05-31,entourage,2.0,11.76470588235294
2020-05-31,chine,,
2020-06-01,reseaux_sociaux,5.0,26.31578947368421
2020-06-01,virus,6.0,31.57894736842105
2020-06-01,traitement,1.0,5.263157894736842
2020-06-01,masque,2.0,10.526315789473683
2020-06-01,5g,,
2020-06-01,bilan,1.0,5.263157894736842
2020-06-01,complot,2.0,10.526315789473683
2020-06-01,experts,3.0,15.789473684210526
2020-06-01,politique,,
2020-06-01,laboratoire,,
2020-06-01,qanon,,
2020-06-01,entourage,2.0,10.526315789473683
2020-06-01,chine,,
2020-06-02,reseaux_sociaux,13.0,48.148148148148145
2020-06-02,virus,4.0,14.814814814814813
2020-06-02,traitement,1.0,3.7037037037037033
2020-06-02,masque,4.0,14.814814814814813
2020-06-02,5g,,
2020-06-02,bilan,3.0,11.11111111111111
2020-06-02,complot,4.0,14.814814814814813
2020-06-02,experts,3.0,11.11111111111111
2020-06-02,politique,7.0,25.925925925925924
2020-06-02,laboratoire,,
2020-06-02,qanon,,
2020-06-02,entourage,6.0,22.22222222222222
2020-06-02,chine,2.0,7.4074074074074066
2020-06-03,reseaux_sociaux,10.0,58.82352941176471
2020-06-03,virus,4.0,23.52941176470588
2020-06-03,traitement,1.0,5.88235294117647
2020-06-03,masque,1.0,5.88235294117647
2020-06-03,5g,,
2020-06-03,bilan,4.0,23.52941176470588
2020-06-03,complot,1.0,5.88235294117647
2020-06-03,experts,1.0,5.88235294117647
2020-06-03,politique,2.0,11.76470588235294
2020-06-03,laboratoire,,
2020-06-03,qanon,,
2020-06-03,entourage,4.0,23.52941176470588
2020-06-03,chine,1.0,5.88235294117647
2020-06-04,reseaux_sociaux,11.0,52.38095238095239
2020-06-04,virus,8.0,38.095238095238095
2020-06-04,traitement,1.0,4.761904761904762
2020-06-04,masque,1.0,4.761904761904762
2020-06-04,5g,1.0,4.761904761904762
2020-06-04,bilan,,
2020-06-04,complot,3.0,14.285714285714285
2020-06-04,experts,2.0,9.523809523809524
2020-06-04,politique,6.0,28.57142857142857
2020-06-04,laboratoire,,
2020-06-04,qanon,,
2020-06-04,entourage,3.0,14.285714285714285
2020-06-04,chine,,
2020-06-05,reseaux_sociaux,11.0,61.111111111111114
2020-06-05,virus,4.0,22.22222222222222
2020-06-05,traitement,3.0,16.666666666666664
2020-06-05,masque,2.0,11.11111111111111
2020-06-05,5g,2.0,11.11111111111111
2020-06-05,bilan,1.0,5.555555555555555
2020-06-05,complot,3.0,16.666666666666664
2020-06-05,experts,1.0,5.555555555555555
2020-06-05,politique,5.0,27.77777777777778
2020-06-05,laboratoire,,
2020-06-05,qanon,,
2020-06-05,entourage,3.0,16.666666666666664
2020-06-05,chine,1.0,5.555555555555555
2020-06-06,reseaux_sociaux,5.0,50.0
2020-06-06,virus,4.0,40.0
2020-06-06,traitement,3.0,30.0
2020-06-06,masque,1.0,10.0
2020-06-06,5g,1.0,10.0
2020-06-06,bilan,2.0,20.0
2020-06-06,complot,3.0,30.0
2020-06-06,experts,1.0,10.0
2020-06-06,politique,4.0,40.0
2020-06-06,laboratoire,,
2020-06-06,qanon,,
2020-06-06,entourage,4.0,40.0
2020-06-06,chine,,
2020-06-07,reseaux_sociaux,17.0,54.83870967741935
2020-06-07,virus,7.0,22.58064516129032
2020-06-07,traitement,1.0,3.225806451612903
2020-06-07,masque,4.0,12.903225806451612
2020-06-07,5g,,
2020-06-07,bilan,2.0,6.451612903225806
2020-06-07,complot,2.0,6.451612903225806
2020-06-07,experts,3.0,9.67741935483871
2020-06-07,politique,8.0,25.806451612903224
2020-06-07,laboratoire,,
2020-06-07,qanon,,
2020-06-07,entourage,3.0,9.67741935483871
2020-06-07,chine,1.0,3.225806451612903
2020-06-08,reseaux_sociaux,30.0,61.224489795918366
2020-06-08,virus,17.0,34.69387755102041
2020-06-08,traitement,6.0,12.244897959183673
2020-06-08,masque,2.0,4.081632653061225
2020-06-08,5g,3.0,6.122448979591836
2020-06-08,bilan,1.0,2.0408163265306123
2020-06-08,complot,5.0,10.204081632653061
2020-06-08,experts,2.0,4.081632653061225
2020-06-08,politique,11.0,22.448979591836736
2020-06-08,laboratoire,,
2020-06-08,qanon,1.0,2.0408163265306123
2020-06-08,entourage,10.0,20.408163265306122
2020-06-08,chine,,
2020-06-09,reseaux_sociaux,10.0,43.47826086956522
2020-06-09,virus,8.0,34.78260869565217
2020-06-09,traitement,1.0,4.3478260869565215
2020-06-09,masque,,
2020-06-09,5g,1.0,4.3478260869565215
2020-06-09,bilan,1.0,4.3478260869565215
2020-06-09,complot,2.0,8.695652173913043
2020-06-09,experts,,
2020-06-09,politique,7.0,30.434782608695656
2020-06-09,laboratoire,,
2020-06-09,qanon,1.0,4.3478260869565215
2020-06-09,entourage,3.0,13.043478260869565
2020-06-09,chine,1.0,4.3478260869565215
2020-06-10,reseaux_sociaux,12.0,63.1578947368421
2020-06-10,virus,7.0,36.84210526315789
2020-06-10,traitement,2.0,10.526315789473683
2020-06-10,masque,,
2020-06-10,5g,,
2020-06-10,bilan,1.0,5.263157894736842
2020-06-10,complot,4.0,21.052631578947366
2020-06-10,experts,,
2020-06-10,politique,1.0,5.263157894736842
2020-06-10,laboratoire,,
2020-06-10,qanon,,
2020-06-10,entourage,6.0,31.57894736842105
2020-06-10,chine,,
2020-06-11,reseaux_sociaux,7.0,63.63636363636363
2020-06-11,virus,5.0,45.45454545454545
2020-06-11,traitement,3.0,27.27272727272727
2020-06-11,masque,1.0,9.090909090909092
2020-06-11,5g,1.0,9.090909090909092
2020-06-11,bilan,2.0,18.181818181818183
2020-06-11,complot,2.0,18.181818181818183
2020-06-11,experts,,
2020-06-11,politique,2.0,18.181818181818183
2020-06-11,laboratoire,,
2020-06-11,qanon,,
2020-06-11,entourage,3.0,27.27272727272727
2020-06-11,chine,1.0,9.090909090909092
2020-06-12,reseaux_sociaux,9.0,64.28571428571429
2020-06-12,virus,6.0,42.857142857142854
2020-06-12,traitement,2.0,14.285714285714285
2020-06-12,masque,1.0,7.142857142857142
2020-06-12,5g,2.0,14.285714285714285
2020-06-12,bilan,2.0,14.285714285714285
2020-06-12,complot,7.0,50.0
2020-06-12,experts,1.0,7.142857142857142
2020-06-12,politique,6.0,42.857142857142854
2020-06-12,laboratoire,,
2020-06-12,qanon,,
2020-06-12,entourage,,
2020-06-12,chine,,
2020-06-13,reseaux_sociaux,3.0,30.0
2020-06-13,virus,5.0,50.0
2020-06-13,traitement,,
2020-06-13,masque,2.0,20.0
2020-06-13,5g,,
2020-06-13,bilan,,
2020-06-13,complot,2.0,20.0
2020-06-13,experts,,
2020-06-13,politique,2.0,20.0
2020-06-13,laboratoire,,
2020-06-13,qanon,,
2020-06-13,entourage,,
2020-06-13,chine,1.0,10.0
2020-06-14,reseaux_sociaux,6.0,50.0
2020-06-14,virus,1.0,8.333333333333332
2020-06-14,traitement,,
2020-06-14,masque,,
2020-06-14,5g,,
2020-06-14,bilan,1.0,8.333333333333332
2020-06-14,complot,1.0,8.333333333333332
2020-06-14,experts,,
2020-06-14,politique,1.0,8.333333333333332
2020-06-14,laboratoire,,
2020-06-14,qanon,,
2020-06-14,entourage,,
2020-06-14,chine,,
2020-06-15,reseaux_sociaux,8.0,72.72727272727273
2020-06-15,virus,2.0,18.181818181818183
2020-06-15,traitement,,
2020-06-15,masque,,
2020-06-15,5g,,
2020-06-15,bilan,,
2020-06-15,complot,2.0,18.181818181818183
2020-06-15,experts,,
2020-06-15,politique,1.0,9.090909090909092
2020-06-15,laboratoire,,
2020-06-15,qanon,,
2020-06-15,entourage,2.0,18.181818181818183
2020-06-15,chine,1.0,9.090909090909092
2020-06-16,reseaux_sociaux,3.0,33.33333333333333
2020-06-16,virus,4.0,44.44444444444444
2020-06-16,traitement,1.0,11.11111111111111
2020-06-16,masque,,
2020-06-16,5g,1.0,11.11111111111111
2020-06-16,bilan,,
2020-06-16,complot,2.0,22.22222222222222
2020-06-16,experts,,
2020-06-16,politique,,
2020-06-16,laboratoire,,
2020-06-16,qanon,,
2020-06-16,entourage,1.0,11.11111111111111
2020-06-16,chine,1.0,11.11111111111111
2020-06-17,reseaux_sociaux,3.0,75.0
2020-06-17,virus,2.0,50.0
2020-06-17,traitement,2.0,50.0
2020-06-17,masque,1.0,25.0
2020-06-17,5g,1.0,25.0
2020-06-17,bilan,,
2020-06-17,complot,1.0,25.0
2020-06-17,experts,1.0,25.0
2020-06-17,politique,1.0,25.0
2020-06-17,laboratoire,,
2020-06-17,qanon,1.0,25.0
2020-06-17,entourage,3.0,75.0
2020-06-17,chine,1.0,25.0
2020-06-18,reseaux_sociaux,1.0,25.0
2020-06-18,virus,1.0,25.0
2020-06-18,traitement,,
2020-06-18,masque,,
2020-06-18,5g,,
2020-06-18,bilan,,
2020-06-18,complot,,
2020-06-18,experts,,
2020-06-18,politique,,
2020-06-18,laboratoire,,
2020-06-18,qanon,,
2020-06-18,entourage,2.0,50.0
2020-06-18,chine,,
2020-06-19,reseaux_sociaux,5.0,50.0
2020-06-19,virus,4.0,40.0
2020-06-19,traitement,1.0,10.0
2020-06-19,masque,,
2020-06-19,5g,1.0,10.0
2020-06-19,bilan,3.0,30.0
2020-06-19,complot,,
2020-06-19,experts,,
2020-06-19,politique,1.0,10.0
2020-06-19,laboratoire,,
2020-06-19,qanon,,
2020-06-19,entourage,2.0,20.0
2020-06-19,chine,2.0,20.0
2020-06-20,reseaux_sociaux,5.0,45.45454545454545
2020-06-20,virus,5.0,45.45454545454545
2020-06-20,traitement,1.0,9.090909090909092
2020-06-20,masque,,
2020-06-20,5g,,
2020-06-20,bilan,1.0,9.090909090909092
2020-06-20,complot,1.0,9.090909090909092
2020-06-20,experts,,
2020-06-20,politique,2.0,18.181818181818183
2020-06-20,laboratoire,,
2020-06-20,qanon,,
2020-06-20,entourage,2.0,18.181818181818183
2020-06-20,chine,1.0,9.090909090909092
2020-06-21,reseaux_sociaux,2.0,25.0
2020-06-21,virus,5.0,62.5
2020-06-21,traitement,1.0,12.5
2020-06-21,masque,,
2020-06-21,5g,1.0,12.5
2020-06-21,bilan,2.0,25.0
2020-06-21,complot,1.0,12.5
2020-06-21,experts,1.0,12.5
2020-06-21,politique,4.0,50.0
2020-06-21,laboratoire,,
2020-06-21,qanon,,
2020-06-21,entourage,2.0,25.0
2020-06-21,chine,1.0,12.5
2020-06-22,reseaux_sociaux,7.0,53.84615384615385
2020-06-22,virus,2.0,15.384615384615385
2020-06-22,traitement,3.0,23.076923076923077
2020-06-22,masque,1.0,7.6923076923076925
2020-06-22,5g,,
2020-06-22,bilan,1.0,7.6923076923076925
2020-06-22,complot,3.0,23.076923076923077
2020-06-22,experts,1.0,7.6923076923076925
2020-06-22,politique,2.0,15.384615384615385
2020-06-22,laboratoire,,
2020-06-22,qanon,,
2020-06-22,entourage,1.0,7.6923076923076925
2020-06-22,chine,,
2020-06-23,reseaux_sociaux,4.0,36.36363636363637
2020-06-23,virus,4.0,36.36363636363637
2020-06-23,traitement,1.0,9.090909090909092
2020-06-23,masque,,
2020-06-23,5g,,
2020-06-23,bilan,,
2020-06-23,complot,4.0,36.36363636363637
2020-06-23,experts,1.0,9.090909090909092
2020-06-23,politique,1.0,9.090909090909092
2020-06-23,laboratoire,,
2020-06-23,qanon,,
2020-06-23,entourage,,
2020-06-23,chine,3.0,27.27272727272727
2020-06-24,reseaux_sociaux,3.0,75.0
2020-06-24,virus,2.0,50.0
2020-06-24,traitement,1.0,25.0
2020-06-24,masque,1.0,25.0
2020-06-24,5g,,
2020-06-24,bilan,1.0,25.0
2020-06-24,complot,1.0,25.0
2020-06-24,experts,1.0,25.0
2020-06-24,politique,1.0,25.0
2020-06-24,laboratoire,,
2020-06-24,qanon,,
2020-06-24,entourage,2.0,50.0
2020-06-24,chine,,
2020-06-25,reseaux_sociaux,6.0,54.54545454545454
2020-06-25,virus,4.0,36.36363636363637
2020-06-25,traitement,1.0,9.090909090909092
2020-06-25,masque,,
2020-06-25,5g,,
2020-06-25,bilan,1.0,9.090909090909092
2020-06-25,complot,3.0,27.27272727272727
2020-06-25,experts,,
2020-06-25,politique,2.0,18.181818181818183
2020-06-25,laboratoire,1.0,9.090909090909092
2020-06-25,qanon,,
2020-06-25,entourage,2.0,18.181818181818183
2020-06-25,chine,,
2020-06-26,reseaux_sociaux,2.0,33.33333333333333
2020-06-26,virus,3.0,50.0
2020-06-26,traitement,,
2020-06-26,masque,,
2020-06-26,5g,,
2020-06-26,bilan,,
2020-06-26,complot,1.0,16.666666666666664
2020-06-26,experts,,
2020-06-26,politique,1.0,16.666666666666664
2020-06-26,laboratoire,,
2020-06-26,qanon,,
2020-06-26,entourage,2.0,33.33333333333333
2020-06-26,chine,1.0,16.666666666666664
2020-06-27,reseaux_sociaux,5.0,71.42857142857143
2020-06-27,virus,3.0,42.857142857142854
2020-06-27,traitement,1.0,14.285714285714285
2020-06-27,masque,,
2020-06-27,5g,,
2020-06-27,bilan,1.0,14.285714285714285
2020-06-27,complot,1.0,14.285714285714285
2020-06-27,experts,,
2020-06-27,politique,2.0,28.57142857142857
2020-06-27,laboratoire,,
2020-06-27,qanon,,
2020-06-27,entourage,1.0,14.285714285714285
2020-06-27,chine,,
2020-06-28,reseaux_sociaux,6.0,85.71428571428571
2020-06-28,virus,1.0,14.285714285714285
2020-06-28,traitement,1.0,14.285714285714285
2020-06-28,masque,,
2020-06-28,5g,,
2020-06-28,bilan,,
2020-06-28,complot,1.0,14.285714285714285
2020-06-28,experts,,
2020-06-28,politique,1.0,14.285714285714285
2020-06-28,laboratoire,,
2020-06-28,qanon,1.0,14.285714285714285
2020-06-28,entourage,2.0,28.57142857142857
2020-06-28,chine,,
2020-06-29,reseaux_sociaux,7.0,63.63636363636363
2020-06-29,virus,3.0,27.27272727272727
2020-06-29,traitement,2.0,18.181818181818183
2020-06-29,masque,3.0,27.27272727272727
2020-06-29,5g,,
2020-06-29,bilan,,
2020-06-29,complot,3.0,27.27272727272727
2020-06-29,experts,2.0,18.181818181818183
2020-06-29,politique,5.0,45.45454545454545
2020-06-29,laboratoire,,
2020-06-29,qanon,,
2020-06-29,entourage,4.0,36.36363636363637
2020-06-29,chine,1.0,9.090909090909092
2020-06-30,reseaux_sociaux,9.0,75.0
2020-06-30,virus,5.0,41.66666666666667
2020-06-30,traitement,,
2020-06-30,masque,2.0,16.666666666666664
2020-06-30,5g,,
2020-06-30,bilan,1.0,8.333333333333332
2020-06-30,complot,3.0,25.0
2020-06-30,experts,,
2020-06-30,politique,2.0,16.666666666666664
2020-06-30,laboratoire,,
2020-06-30,qanon,1.0,8.333333333333332
2020-06-30,entourage,2.0,16.666666666666664
2020-06-30,chine,,
2020-07-01,reseaux_sociaux,3.0,50.0
2020-07-01,virus,2.0,33.33333333333333
2020-07-01,traitement,2.0,33.33333333333333
2020-07-01,masque,1.0,16.666666666666664
2020-07-01,5g,,
2020-07-01,bilan,,
2020-07-01,complot,2.0,33.33333333333333
2020-07-01,experts,1.0,16.666666666666664
2020-07-01,politique,1.0,16.666666666666664
2020-07-01,laboratoire,,
2020-07-01,qanon,,
2020-07-01,entourage,2.0,33.33333333333333
2020-07-01,chine,,
2020-07-02,reseaux_sociaux,4.0,50.0
2020-07-02,virus,2.0,25.0
2020-07-02,traitement,1.0,12.5
2020-07-02,masque,1.0,12.5
2020-07-02,5g,,
2020-07-02,bilan,2.0,25.0
2020-07-02,complot,1.0,12.5
2020-07-02,experts,1.0,12.5
2020-07-02,politique,2.0,25.0
2020-07-02,laboratoire,,
2020-07-02,qanon,,
2020-07-02,entourage,2.0,25.0
2020-07-02,chine,,
2020-07-03,reseaux_sociaux,4.0,66.66666666666666
2020-07-03,virus,3.0,50.0
2020-07-03,traitement,1.0,16.666666666666664
2020-07-03,masque,,
2020-07-03,5g,,
2020-07-03,bilan,,
2020-07-03,complot,1.0,16.666666666666664
2020-07-03,experts,2.0,33.33333333333333
2020-07-03,politique,3.0,50.0
2020-07-03,laboratoire,,
2020-07-03,qanon,,
2020-07-03,entourage,2.0,33.33333333333333
2020-07-03,chine,,
2020-07-04,reseaux_sociaux,4.0,80.0
2020-07-04,virus,2.0,40.0
2020-07-04,traitement,1.0,20.0
2020-07-04,masque,1.0,20.0
2020-07-04,5g,,
2020-07-04,bilan,,
2020-07-04,complot,2.0,40.0
2020-07-04,experts,1.0,20.0
2020-07-04,politique,1.0,20.0
2020-07-04,laboratoire,,
2020-07-04,qanon,,
2020-07-04,entourage,1.0,20.0
2020-07-04,chine,,
2020-07-05,reseaux_sociaux,3.0,100.0
2020-07-05,virus,1.0,33.33333333333333
2020-07-05,traitement,1.0,33.33333333333333
2020-07-05,masque,,
2020-07-05,5g,,
2020-07-05,bilan,,
2020-07-05,complot,2.0,66.66666666666666
2020-07-05,experts,,
2020-07-05,politique,2.0,66.66666666666666
2020-07-05,laboratoire,,
2020-07-05,qanon,,
2020-07-05,entourage,,
2020-07-05,chine,,
2020-07-06,reseaux_sociaux,3.0,37.5
2020-07-06,virus,5.0,62.5
2020-07-06,traitement,,
2020-07-06,masque,,
2020-07-06,5g,,
2020-07-06,bilan,1.0,12.5
2020-07-06,complot,1.0,12.5
2020-07-06,experts,1.0,12.5
2020-07-06,politique,3.0,37.5
2020-07-06,laboratoire,,
2020-07-06,qanon,,
2020-07-06,entourage,,
2020-07-06,chine,,
2020-07-07,reseaux_sociaux,5.0,55.55555555555556
2020-07-07,virus,4.0,44.44444444444444
2020-07-07,traitement,2.0,22.22222222222222
2020-07-07,masque,3.0,33.33333333333333
2020-07-07,5g,,
2020-07-07,bilan,2.0,22.22222222222222
2020-07-07,complot,2.0,22.22222222222222
2020-07-07,experts,2.0,22.22222222222222
2020-07-07,politique,1.0,11.11111111111111
2020-07-07,laboratoire,,
2020-07-07,qanon,,
2020-07-07,entourage,3.0,33.33333333333333
2020-07-07,chine,,
2020-07-08,reseaux_sociaux,4.0,50.0
2020-07-08,virus,4.0,50.0
2020-07-08,traitement,3.0,37.5
2020-07-08,masque,2.0,25.0
2020-07-08,5g,,
2020-07-08,bilan,2.0,25.0
2020-07-08,complot,2.0,25.0
2020-07-08,experts,2.0,25.0
2020-07-08,politique,1.0,12.5
2020-07-08,laboratoire,,
2020-07-08,qanon,,
2020-07-08,entourage,2.0,25.0
2020-07-08,chine,,
2020-07-09,reseaux_sociaux,13.0,92.85714285714286
2020-07-09,virus,10.0,71.42857142857143
2020-07-09,traitement,2.0,14.285714285714285
2020-07-09,masque,3.0,21.428571428571427
2020-07-09,5g,,
2020-07-09,bilan,3.0,21.428571428571427
2020-07-09,complot,1.0,7.142857142857142
2020-07-09,experts,3.0,21.428571428571427
2020-07-09,politique,5.0,35.714285714285715
2020-07-09,laboratoire,,
2020-07-09,qanon,,
2020-07-09,entourage,2.0,14.285714285714285
2020-07-09,chine,,
2020-07-10,reseaux_sociaux,9.0,75.0
2020-07-10,virus,2.0,16.666666666666664
2020-07-10,traitement,2.0,16.666666666666664
2020-07-10,masque,2.0,16.666666666666664
2020-07-10,5g,1.0,8.333333333333332
2020-07-10,bilan,1.0,8.333333333333332
2020-07-10,complot,3.0,25.0
2020-07-10,experts,2.0,16.666666666666664
2020-07-10,politique,1.0,8.333333333333332
2020-07-10,laboratoire,,
2020-07-10,qanon,,
2020-07-10,entourage,6.0,50.0
2020-07-10,chine,,
2020-07-11,reseaux_sociaux,7.0,70.0
2020-07-11,virus,2.0,20.0
2020-07-11,traitement,,
2020-07-11,masque,1.0,10.0
2020-07-11,5g,,
2020-07-11,bilan,,
2020-07-11,complot,2.0,20.0
2020-07-11,experts,1.0,10.0
2020-07-11,politique,1.0,10.0
2020-07-11,laboratoire,,
2020-07-11,qanon,,
2020-07-11,entourage,5.0,50.0
2020-07-11,chine,,
2020-07-12,reseaux_sociaux,8.0,61.53846153846154
2020-07-12,virus,4.0,30.76923076923077
2020-07-12,traitement,,
2020-07-12,masque,4.0,30.76923076923077
2020-07-12,5g,,
2020-07-12,bilan,,
2020-07-12,complot,2.0,15.384615384615385
2020-07-12,experts,3.0,23.076923076923077
2020-07-12,politique,1.0,7.6923076923076925
2020-07-12,laboratoire,,
2020-07-12,qanon,,
2020-07-12,entourage,2.0,15.384615384615385
2020-07-12,chine,,
2020-07-13,reseaux_sociaux,14.0,51.85185185185185
2020-07-13,virus,9.0,33.33333333333333
2020-07-13,traitement,3.0,11.11111111111111
2020-07-13,masque,10.0,37.03703703703704
2020-07-13,5g,,
2020-07-13,bilan,3.0,11.11111111111111
2020-07-13,complot,6.0,22.22222222222222
2020-07-13,experts,3.0,11.11111111111111
2020-07-13,politique,4.0,14.814814814814813
2020-07-13,laboratoire,,
2020-07-13,qanon,,
2020-07-13,entourage,2.0,7.4074074074074066
2020-07-13,chine,,
2020-07-14,reseaux_sociaux,12.0,60.0
2020-07-14,virus,3.0,15.0
2020-07-14,traitement,2.0,10.0
2020-07-14,masque,8.0,40.0
2020-07-14,5g,,
2020-07-14,bilan,,
2020-07-14,complot,2.0,10.0
2020-07-14,experts,1.0,5.0
2020-07-14,politique,3.0,15.0
2020-07-14,laboratoire,,
2020-07-14,qanon,1.0,5.0
2020-07-14,entourage,5.0,25.0
2020-07-14,chine,,
2020-07-15,reseaux_sociaux,6.0,42.857142857142854
2020-07-15,virus,6.0,42.857142857142854
2020-07-15,traitement,1.0,7.142857142857142
2020-07-15,masque,4.0,28.57142857142857
2020-07-15,5g,,
2020-07-15,bilan,1.0,7.142857142857142
2020-07-15,complot,3.0,21.428571428571427
2020-07-15,experts,1.0,7.142857142857142
2020-07-15,politique,3.0,21.428571428571427
2020-07-15,laboratoire,,
2020-07-15,qanon,,
2020-07-15,entourage,4.0,28.57142857142857
2020-07-15,chine,1.0,7.142857142857142
2020-07-16,reseaux_sociaux,12.0,63.1578947368421
2020-07-16,virus,8.0,42.10526315789473
2020-07-16,traitement,2.0,10.526315789473683
2020-07-16,masque,7.0,36.84210526315789
2020-07-16,5g,,
2020-07-16,bilan,6.0,31.57894736842105
2020-07-16,complot,3.0,15.789473684210526
2020-07-16,experts,3.0,15.789473684210526
2020-07-16,politique,4.0,21.052631578947366
2020-07-16,laboratoire,,
2020-07-16,qanon,,
2020-07-16,entourage,4.0,21.052631578947366
2020-07-16,chine,2.0,10.526315789473683
2020-07-17,reseaux_sociaux,6.0,50.0
2020-07-17,virus,4.0,33.33333333333333
2020-07-17,traitement,,
2020-07-17,masque,4.0,33.33333333333333
2020-07-17,5g,,
2020-07-17,bilan,1.0,8.333333333333332
2020-07-17,complot,1.0,8.333333333333332
2020-07-17,experts,,
2020-07-17,politique,2.0,16.666666666666664
2020-07-17,laboratoire,,
2020-07-17,qanon,,
2020-07-17,entourage,3.0,25.0
2020-07-17,chine,,
2020-07-18,reseaux_sociaux,9.0,90.0
2020-07-18,virus,4.0,40.0
2020-07-18,traitement,2.0,20.0
2020-07-18,masque,1.0,10.0
2020-07-18,5g,,
2020-07-18,bilan,,
2020-07-18,complot,,
2020-07-18,experts,,
2020-07-18,politique,7.0,70.0
2020-07-18,laboratoire,,
2020-07-18,qanon,,
2020-07-18,entourage,1.0,10.0
2020-07-18,chine,,
2020-07-19,reseaux_sociaux,3.0,33.33333333333333
2020-07-19,virus,,
2020-07-19,traitement,,
2020-07-19,masque,1.0,11.11111111111111
2020-07-19,5g,,
2020-07-19,bilan,,
2020-07-19,complot,2.0,22.22222222222222
2020-07-19,experts,,
2020-07-19,politique,1.0,11.11111111111111
2020-07-19,laboratoire,,
2020-07-19,qanon,1.0,11.11111111111111
2020-07-19,entourage,1.0,11.11111111111111
2020-07-19,chine,,
2020-07-20,reseaux_sociaux,8.0,66.66666666666666
2020-07-20,virus,3.0,25.0
2020-07-20,traitement,1.0,8.333333333333332
2020-07-20,masque,2.0,16.666666666666664
2020-07-20,5g,,
2020-07-20,bilan,1.0,8.333333333333332
2020-07-20,complot,1.0,8.333333333333332
2020-07-20,experts,,
2020-07-20,politique,4.0,33.33333333333333
2020-07-20,laboratoire,,
2020-07-20,qanon,,
2020-07-20,entourage,4.0,33.33333333333333
2020-07-20,chine,,
2020-07-21,reseaux_sociaux,8.0,72.72727272727273
2020-07-21,virus,2.0,18.181818181818183
2020-07-21,traitement,,
2020-07-21,masque,1.0,9.090909090909092
2020-07-21,5g,,
2020-07-21,bilan,,
2020-07-21,complot,1.0,9.090909090909092
2020-07-21,experts,2.0,18.181818181818183
2020-07-21,politique,1.0,9.090909090909092
2020-07-21,laboratoire,,
2020-07-21,qanon,,
2020-07-21,entourage,1.0,9.090909090909092
2020-07-21,chine,,
2020-07-22,reseaux_sociaux,17.0,77.27272727272727
2020-07-22,virus,7.0,31.818181818181817
2020-07-22,traitement,1.0,4.545454545454546
2020-07-22,masque,4.0,18.181818181818183
2020-07-22,5g,,
2020-07-22,bilan,3.0,13.636363636363635
2020-07-22,complot,2.0,9.090909090909092
2020-07-22,experts,1.0,4.545454545454546
2020-07-22,politique,2.0,9.090909090909092
2020-07-22,laboratoire,,
2020-07-22,qanon,,
2020-07-22,entourage,1.0,4.545454545454546
2020-07-22,chine,,
2020-07-23,reseaux_sociaux,11.0,78.57142857142857
2020-07-23,virus,4.0,28.57142857142857
2020-07-23,traitement,,
2020-07-23,masque,2.0,14.285714285714285
2020-07-23,5g,,
2020-07-23,bilan,1.0,7.142857142857142
2020-07-23,complot,2.0,14.285714285714285
2020-07-23,experts,,
2020-07-23,politique,,
2020-07-23,laboratoire,,
2020-07-23,qanon,,
2020-07-23,entourage,2.0,14.285714285714285
2020-07-23,chine,,
2020-07-24,reseaux_sociaux,3.0,42.857142857142854
2020-07-24,virus,5.0,71.42857142857143
2020-07-24,traitement,,
2020-07-24,masque,,
2020-07-24,5g,,
2020-07-24,bilan,2.0,28.57142857142857
2020-07-24,complot,,
2020-07-24,experts,,
2020-07-24,politique,2.0,28.57142857142857
2020-07-24,laboratoire,,
2020-07-24,qanon,,
2020-07-24,entourage,1.0,14.285714285714285
2020-07-24,chine,,
2020-07-25,reseaux_sociaux,2.0,100.0
2020-07-25,virus,2.0,100.0
2020-07-25,traitement,,
2020-07-25,masque,,
2020-07-25,5g,,
2020-07-25,bilan,,
2020-07-25,complot,,
2020-07-25,experts,,
2020-07-25,politique,,
2020-07-25,laboratoire,,
2020-07-25,qanon,,
2020-07-25,entourage,,
2020-07-25,chine,1.0,50.0
2020-07-26,reseaux_sociaux,4.0,66.66666666666666
2020-07-26,virus,2.0,33.33333333333333
2020-07-26,traitement,,
2020-07-26,masque,,
2020-07-26,5g,,
2020-07-26,bilan,,
2020-07-26,complot,,
2020-07-26,experts,,
2020-07-26,politique,2.0,33.33333333333333
2020-07-26,laboratoire,,
2020-07-26,qanon,1.0,16.666666666666664
2020-07-26,entourage,1.0,16.666666666666664
2020-07-26,chine,,
2020-07-27,reseaux_sociaux,8.0,57.14285714285714
2020-07-27,virus,6.0,42.857142857142854
2020-07-27,traitement,2.0,14.285714285714285
2020-07-27,masque,1.0,7.142857142857142
2020-07-27,5g,1.0,7.142857142857142
2020-07-27,bilan,,
2020-07-27,complot,2.0,14.285714285714285
2020-07-27,experts,,
2020-07-27,politique,2.0,14.285714285714285
2020-07-27,laboratoire,,
2020-07-27,qanon,,
2020-07-27,entourage,3.0,21.428571428571427
2020-07-27,chine,,
2020-07-28,reseaux_sociaux,18.0,85.71428571428571
2020-07-28,virus,5.0,23.809523809523807
2020-07-28,traitement,2.0,9.523809523809524
2020-07-28,masque,4.0,19.047619047619047
2020-07-28,5g,1.0,4.761904761904762
2020-07-28,bilan,,
2020-07-28,complot,3.0,14.285714285714285
2020-07-28,experts,1.0,4.761904761904762
2020-07-28,politique,3.0,14.285714285714285
2020-07-28,laboratoire,,
2020-07-28,qanon,,
2020-07-28,entourage,3.0,14.285714285714285
2020-07-28,chine,1.0,4.761904761904762
2020-07-29,reseaux_sociaux,12.0,70.58823529411765
2020-07-29,virus,7.0,41.17647058823529
2020-07-29,traitement,,
2020-07-29,masque,2.0,11.76470588235294
2020-07-29,5g,,
2020-07-29,bilan,,
2020-07-29,complot,4.0,23.52941176470588
2020-07-29,experts,,
2020-07-29,politique,3.0,17.647058823529413
2020-07-29,laboratoire,,
2020-07-29,qanon,,
2020-07-29,entourage,2.0,11.76470588235294
2020-07-29,chine,1.0,5.88235294117647
2020-07-30,reseaux_sociaux,12.0,63.1578947368421
2020-07-30,virus,10.0,52.63157894736842
2020-07-30,traitement,3.0,15.789473684210526
2020-07-30,masque,3.0,15.789473684210526
2020-07-30,5g,,
2020-07-30,bilan,2.0,10.526315789473683
2020-07-30,complot,5.0,26.31578947368421
2020-07-30,experts,1.0,5.263157894736842
2020-07-30,politique,2.0,10.526315789473683
2020-07-30,laboratoire,,
2020-07-30,qanon,,
2020-07-30,entourage,3.0,15.789473684210526
2020-07-30,chine,,
2020-07-31,reseaux_sociaux,5.0,62.5
2020-07-31,virus,1.0,12.5
2020-07-31,traitement,,
2020-07-31,masque,1.0,12.5
2020-07-31,5g,,
2020-07-31,bilan,1.0,12.5
2020-07-31,complot,2.0,25.0
2020-07-31,experts,,
2020-07-31,politique,2.0,25.0
2020-07-31,laboratoire,,
2020-07-31,qanon,,
2020-07-31,entourage,,
2020-07-31,chine,,
2020-08-01,reseaux_sociaux,3.0,75.0
2020-08-01,virus,,
2020-08-01,traitement,,
2020-08-01,masque,,
2020-08-01,5g,,
2020-08-01,bilan,,
2020-08-01,complot,1.0,25.0
2020-08-01,experts,1.0,25.0
2020-08-01,politique,,
2020-08-01,laboratoire,,
2020-08-01,qanon,,
2020-08-01,entourage,1.0,25.0
2020-08-01,chine,,
2020-08-02,reseaux_sociaux,6.0,85.71428571428571
2020-08-02,virus,2.0,28.57142857142857
2020-08-02,traitement,,
2020-08-02,masque,,
2020-08-02,5g,,
2020-08-02,bilan,1.0,14.285714285714285
2020-08-02,complot,,
2020-08-02,experts,1.0,14.285714285714285
2020-08-02,politique,1.0,14.285714285714285
2020-08-02,laboratoire,,
2020-08-02,qanon,,
2020-08-02,entourage,2.0,28.57142857142857
2020-08-02,chine,,
2020-08-03,reseaux_sociaux,6.0,60.0
2020-08-03,virus,5.0,50.0
2020-08-03,traitement,1.0,10.0
2020-08-03,masque,,
2020-08-03,5g,,
2020-08-03,bilan,,
2020-08-03,complot,2.0,20.0
2020-08-03,experts,,
2020-08-03,politique,,
2020-08-03,laboratoire,,
2020-08-03,qanon,,
2020-08-03,entourage,3.0,30.0
2020-08-03,chine,,
2020-08-04,reseaux_sociaux,10.0,62.5
2020-08-04,virus,6.0,37.5
2020-08-04,traitement,2.0,12.5
2020-08-04,masque,3.0,18.75
2020-08-04,5g,,
2020-08-04,bilan,4.0,25.0
2020-08-04,complot,2.0,12.5
2020-08-04,experts,1.0,6.25
2020-08-04,politique,4.0,25.0
2020-08-04,laboratoire,1.0,6.25
2020-08-04,qanon,,
2020-08-04,entourage,,
2020-08-04,chine,2.0,12.5
2020-08-05,reseaux_sociaux,8.0,80.0
2020-08-05,virus,6.0,60.0
2020-08-05,traitement,1.0,10.0
2020-08-05,masque,1.0,10.0
2020-08-05,5g,,
2020-08-05,bilan,1.0,10.0
2020-08-05,complot,2.0,20.0
2020-08-05,experts,,
2020-08-05,politique,3.0,30.0
2020-08-05,laboratoire,,
2020-08-05,qanon,,
2020-08-05,entourage,2.0,20.0
2020-08-05,chine,1.0,10.0
2020-08-06,reseaux_sociaux,3.0,42.857142857142854
2020-08-06,virus,1.0,14.285714285714285
2020-08-06,traitement,,
2020-08-06,masque,,
2020-08-06,5g,,
2020-08-06,bilan,,
2020-08-06,complot,,
2020-08-06,experts,1.0,14.285714285714285
2020-08-06,politique,,
2020-08-06,laboratoire,,
2020-08-06,qanon,,
2020-08-06,entourage,,
2020-08-06,chine,,
2020-08-07,reseaux_sociaux,,
2020-08-07,virus,1.0,50.0
2020-08-07,traitement,1.0,50.0
2020-08-07,masque,,
2020-08-07,5g,,
2020-08-07,bilan,1.0,50.0
2020-08-07,complot,1.0,50.0
2020-08-07,experts,,
2020-08-07,politique,,
2020-08-07,laboratoire,,
2020-08-07,qanon,,
2020-08-07,entourage,,
2020-08-07,chine,,
2020-08-08,reseaux_sociaux,2.0,28.57142857142857
2020-08-08,virus,4.0,57.14285714285714
2020-08-08,traitement,1.0,14.285714285714285
2020-08-08,masque,2.0,28.57142857142857
2020-08-08,5g,,
2020-08-08,bilan,1.0,14.285714285714285
2020-08-08,complot,,
2020-08-08,experts,,
2020-08-08,politique,,
2020-08-08,laboratoire,,
2020-08-08,qanon,,
2020-08-08,entourage,1.0,14.285714285714285
2020-08-08,chine,,
2020-08-09,reseaux_sociaux,2.0,50.0
2020-08-09,virus,2.0,50.0
2020-08-09,traitement,,
2020-08-09,masque,,
2020-08-09,5g,,
2020-08-09,bilan,1.0,25.0
2020-08-09,complot,2.0,50.0
2020-08-09,experts,,
2020-08-09,politique,1.0,25.0
2020-08-09,laboratoire,,
2020-08-09,qanon,,
2020-08-09,entourage,1.0,25.0
2020-08-09,chine,1.0,25.0
2020-08-10,reseaux_sociaux,4.0,50.0
2020-08-10,virus,6.0,75.0
2020-08-10,traitement,,
2020-08-10,masque,2.0,25.0
2020-08-10,5g,,
2020-08-10,bilan,,
2020-08-10,complot,1.0,12.5
2020-08-10,experts,,
2020-08-10,politique,1.0,12.5
2020-08-10,laboratoire,,
2020-08-10,qanon,,
2020-08-10,entourage,1.0,12.5
2020-08-10,chine,,
2020-08-11,reseaux_sociaux,3.0,37.5
2020-08-11,virus,4.0,50.0
2020-08-11,traitement,,
2020-08-11,masque,3.0,37.5
2020-08-11,5g,,
2020-08-11,bilan,,
2020-08-11,complot,,
2020-08-11,experts,1.0,12.5
2020-08-11,politique,1.0,12.5
2020-08-11,laboratoire,,
2020-08-11,qanon,,
2020-08-11,entourage,1.0,12.5
2020-08-11,chine,,
2020-08-12,reseaux_sociaux,7.0,58.333333333333336
2020-08-12,virus,1.0,8.333333333333332
2020-08-12,traitement,,
2020-08-12,masque,1.0,8.333333333333332
2020-08-12,5g,,
2020-08-12,bilan,3.0,25.0
2020-08-12,complot,2.0,16.666666666666664
2020-08-12,experts,,
2020-08-12,politique,2.0,16.666666666666664
2020-08-12,laboratoire,,
2020-08-12,qanon,,
2020-08-12,entourage,3.0,25.0
2020-08-12,chine,,
2020-08-13,reseaux_sociaux,3.0,37.5
2020-08-13,virus,2.0,25.0
2020-08-13,traitement,1.0,12.5
2020-08-13,masque,,
2020-08-13,5g,,
2020-08-13,bilan,1.0,12.5
2020-08-13,complot,1.0,12.5
2020-08-13,experts,,
2020-08-13,politique,,
2020-08-13,laboratoire,,
2020-08-13,qanon,,
2020-08-13,entourage,1.0,12.5
2020-08-13,chine,,
2020-08-14,reseaux_sociaux,3.0,60.0
2020-08-14,virus,1.0,20.0
2020-08-14,traitement,,
2020-08-14,masque,,
2020-08-14,5g,,
2020-08-14,bilan,,
2020-08-14,complot,2.0,40.0
2020-08-14,experts,,
2020-08-14,politique,,
2020-08-14,laboratoire,,
2020-08-14,qanon,1.0,20.0
2020-08-14,entourage,,
2020-08-14,chine,,
2020-08-15,reseaux_sociaux,4.0,80.0
2020-08-15,virus,1.0,20.0
2020-08-15,traitement,,
2020-08-15,masque,,
2020-08-15,5g,,
2020-08-15,bilan,1.0,20.0
2020-08-15,complot,1.0,20.0
2020-08-15,experts,,
2020-08-15,politique,,
2020-08-15,laboratoire,,
2020-08-15,qanon,,
2020-08-15,entourage,,
2020-08-15,chine,,
2020-08-16,reseaux_sociaux,2.0,40.0
2020-08-16,virus,2.0,40.0
2020-08-16,traitement,1.0,20.0
2020-08-16,masque,,
2020-08-16,5g,,
2020-08-16,bilan,2.0,40.0
2020-08-16,complot,,
2020-08-16,experts,1.0,20.0
2020-08-16,politique,1.0,20.0
2020-08-16,laboratoire,,
2020-08-16,qanon,,
2020-08-16,entourage,1.0,20.0
2020-08-16,chine,,
2020-08-17,reseaux_sociaux,1.0,33.33333333333333
2020-08-17,virus,2.0,66.66666666666666
2020-08-17,traitement,1.0,33.33333333333333
2020-08-17,masque,,
2020-08-17,5g,,
2020-08-17,bilan,1.0,33.33333333333333
2020-08-17,complot,,
2020-08-17,experts,,
2020-08-17,politique,1.0,33.33333333333333
2020-08-17,laboratoire,,
2020-08-17,qanon,,
2020-08-17,entourage,1.0,33.33333333333333
2020-08-17,chine,,
2020-08-18,reseaux_sociaux,3.0,50.0
2020-08-18,virus,1.0,16.666666666666664
2020-08-18,traitement,,
2020-08-18,masque,,
2020-08-18,5g,,
2020-08-18,bilan,1.0,16.666666666666664
2020-08-18,complot,,
2020-08-18,experts,,
2020-08-18,politique,2.0,33.33333333333333
2020-08-18,laboratoire,,
2020-08-18,qanon,,
2020-08-18,entourage,2.0,33.33333333333333
2020-08-18,chine,,
2020-08-19,reseaux_sociaux,4.0,57.14285714285714
2020-08-19,virus,2.0,28.57142857142857
2020-08-19,traitement,,
2020-08-19,masque,,
2020-08-19,5g,,
2020-08-19,bilan,,
2020-08-19,complot,,
2020-08-19,experts,,
2020-08-19,politique,,
2020-08-19,laboratoire,,
2020-08-19,qanon,,
2020-08-19,entourage,2.0,28.57142857142857
2020-08-19,chine,,
2020-08-20,reseaux_sociaux,7.0,77.77777777777779
2020-08-20,virus,5.0,55.55555555555556
2020-08-20,traitement,3.0,33.33333333333333
2020-08-20,masque,,
2020-08-20,5g,,
2020-08-20,bilan,2.0,22.22222222222222
2020-08-20,complot,1.0,11.11111111111111
2020-08-20,experts,,
2020-08-20,politique,,
2020-08-20,laboratoire,,
2020-08-20,qanon,,
2020-08-20,entourage,1.0,11.11111111111111
2020-08-20,chine,,
2020-08-21,reseaux_sociaux,6.0,66.66666666666666
2020-08-21,virus,4.0,44.44444444444444
2020-08-21,traitement,2.0,22.22222222222222
2020-08-21,masque,,
2020-08-21,5g,,
2020-08-21,bilan,2.0,22.22222222222222
2020-08-21,complot,1.0,11.11111111111111
2020-08-21,experts,,
2020-08-21,politique,1.0,11.11111111111111
2020-08-21,laboratoire,,
2020-08-21,qanon,,
2020-08-21,entourage,1.0,11.11111111111111
2020-08-21,chine,,
2020-08-22,reseaux_sociaux,5.0,45.45454545454545
2020-08-22,virus,4.0,36.36363636363637
2020-08-22,traitement,2.0,18.181818181818183
2020-08-22,masque,,
2020-08-22,5g,,
2020-08-22,bilan,2.0,18.181818181818183
2020-08-22,complot,,
2020-08-22,experts,,
2020-08-22,politique,1.0,9.090909090909092
2020-08-22,laboratoire,,
2020-08-22,qanon,,
2020-08-22,entourage,2.0,18.181818181818183
2020-08-22,chine,,
2020-08-23,reseaux_sociaux,13.0,81.25
2020-08-23,virus,6.0,37.5
2020-08-23,traitement,2.0,12.5
2020-08-23,masque,3.0,18.75
2020-08-23,5g,1.0,6.25
2020-08-23,bilan,,
2020-08-23,complot,1.0,6.25
2020-08-23,experts,1.0,6.25
2020-08-23,politique,,
2020-08-23,laboratoire,,
2020-08-23,qanon,,
2020-08-23,entourage,,
2020-08-23,chine,,
2020-08-24,reseaux_sociaux,9.0,75.0
2020-08-24,virus,5.0,41.66666666666667
2020-08-24,traitement,1.0,8.333333333333332
2020-08-24,masque,5.0,41.66666666666667
2020-08-24,5g,,
2020-08-24,bilan,1.0,8.333333333333332
2020-08-24,complot,1.0,8.333333333333332
2020-08-24,experts,4.0,33.33333333333333
2020-08-24,politique,1.0,8.333333333333332
2020-08-24,laboratoire,,
2020-08-24,qanon,,
2020-08-24,entourage,2.0,16.666666666666664
2020-08-24,chine,1.0,8.333333333333332
2020-08-25,reseaux_sociaux,10.0,100.0
2020-08-25,virus,2.0,20.0
2020-08-25,traitement,3.0,30.0
2020-08-25,masque,1.0,10.0
2020-08-25,5g,,
2020-08-25,bilan,,
2020-08-25,complot,1.0,10.0
2020-08-25,experts,,
2020-08-25,politique,,
2020-08-25,laboratoire,,
2020-08-25,qanon,,
2020-08-25,entourage,3.0,30.0
2020-08-25,chine,,
2020-08-26,reseaux_sociaux,10.0,76.92307692307693
2020-08-26,virus,1.0,7.6923076923076925
2020-08-26,traitement,2.0,15.384615384615385
2020-08-26,masque,3.0,23.076923076923077
2020-08-26,5g,,
2020-08-26,bilan,,
2020-08-26,complot,,
2020-08-26,experts,1.0,7.6923076923076925
2020-08-26,politique,2.0,15.384615384615385
2020-08-26,laboratoire,,
2020-08-26,qanon,,
2020-08-26,entourage,2.0,15.384615384615385
2020-08-26,chine,,
2020-08-27,reseaux_sociaux,2.0,40.0
2020-08-27,virus,2.0,40.0
2020-08-27,traitement,2.0,40.0
2020-08-27,masque,,
2020-08-27,5g,,
2020-08-27,bilan,,
2020-08-27,complot,,
2020-08-27,experts,,
2020-08-27,politique,,
2020-08-27,laboratoire,,
2020-08-27,qanon,,
2020-08-27,entourage,1.0,20.0
2020-08-27,chine,,
2020-08-28,reseaux_sociaux,1.0,20.0
2020-08-28,virus,,
2020-08-28,traitement,,
2020-08-28,masque,,
2020-08-28,5g,,
2020-08-28,bilan,,
2020-08-28,complot,2.0,40.0
2020-08-28,experts,,
2020-08-28,politique,1.0,20.0
2020-08-28,laboratoire,,
2020-08-28,qanon,,
2020-08-28,entourage,1.0,20.0
2020-08-28,chine,,
2020-08-29,reseaux_sociaux,7.0,53.84615384615385
2020-08-29,virus,5.0,38.46153846153847
2020-08-29,traitement,4.0,30.76923076923077
2020-08-29,masque,2.0,15.384615384615385
2020-08-29,5g,1.0,7.6923076923076925
2020-08-29,bilan,3.0,23.076923076923077
2020-08-29,complot,2.0,15.384615384615385
2020-08-29,experts,1.0,7.6923076923076925
2020-08-29,politique,2.0,15.384615384615385
2020-08-29,laboratoire,1.0,7.6923076923076925
2020-08-29,qanon,,
2020-08-29,entourage,2.0,15.384615384615385
2020-08-29,chine,,
2020-08-30,reseaux_sociaux,1.0,50.0
2020-08-30,virus,1.0,50.0
2020-08-30,traitement,,
2020-08-30,masque,,
2020-08-30,5g,,
2020-08-30,bilan,,
2020-08-30,complot,,
2020-08-30,experts,,
2020-08-30,politique,,
2020-08-30,laboratoire,,
2020-08-30,qanon,,
2020-08-30,entourage,,
2020-08-30,chine,,
2020-08-31,reseaux_sociaux,3.0,75.0
2020-08-31,virus,3.0,75.0
2020-08-31,traitement,,
2020-08-31,masque,,
2020-08-31,5g,,
2020-08-31,bilan,,
2020-08-31,complot,,
2020-08-31,experts,,
2020-08-31,politique,,
2020-08-31,laboratoire,,
2020-08-31,qanon,,
2020-08-31,entourage,,
2020-08-31,chine,,
