,datetime,level_1,0
0,2020-03-01,reseaux_sociaux,1
1,2020-03-01,virus,2
2,2020-03-01,traitement,1
3,2020-03-01,masque,0
4,2020-03-01,5g,0
5,2020-03-01,bilan,1
6,2020-03-01,complot,1
7,2020-03-01,experts,0
8,2020-03-01,politique,0
9,2020-03-01,laboratoire,1
10,2020-03-01,qanon,0
11,2020-03-02,reseaux_sociaux,1
12,2020-03-02,virus,2
13,2020-03-02,traitement,0
14,2020-03-02,masque,0
15,2020-03-02,5g,0
16,2020-03-02,bilan,1
17,2020-03-02,complot,0
18,2020-03-02,experts,0
19,2020-03-02,politique,0
20,2020-03-02,laboratoire,1
21,2020-03-02,qanon,0
22,2020-03-03,reseaux_sociaux,2
23,2020-03-03,virus,0
24,2020-03-03,traitement,0
25,2020-03-03,masque,0
26,2020-03-03,5g,1
27,2020-03-03,bilan,0
28,2020-03-03,complot,0
29,2020-03-03,experts,0
30,2020-03-03,politique,1
31,2020-03-03,laboratoire,0
32,2020-03-03,qanon,0
33,2020-03-04,reseaux_sociaux,1
34,2020-03-04,virus,1
35,2020-03-04,traitement,1
36,2020-03-04,masque,0
37,2020-03-04,5g,0
38,2020-03-04,bilan,1
39,2020-03-04,complot,0
40,2020-03-04,experts,0
41,2020-03-04,politique,2
42,2020-03-04,laboratoire,0
43,2020-03-04,qanon,0
44,2020-03-05,reseaux_sociaux,1
45,2020-03-05,virus,0
46,2020-03-05,traitement,0
47,2020-03-05,masque,0
48,2020-03-05,5g,0
49,2020-03-05,bilan,0
50,2020-03-05,complot,0
51,2020-03-05,experts,0
52,2020-03-05,politique,2
53,2020-03-05,laboratoire,0
54,2020-03-05,qanon,0
55,2020-03-06,reseaux_sociaux,1
56,2020-03-06,virus,0
57,2020-03-06,traitement,0
58,2020-03-06,masque,0
59,2020-03-06,5g,0
60,2020-03-06,bilan,0
61,2020-03-06,complot,0
62,2020-03-06,experts,0
63,2020-03-06,politique,0
64,2020-03-06,laboratoire,0
65,2020-03-06,qanon,0
66,2020-03-07,reseaux_sociaux,1
67,2020-03-07,virus,2
68,2020-03-07,traitement,0
69,2020-03-07,masque,1
70,2020-03-07,5g,0
71,2020-03-07,bilan,1
72,2020-03-07,complot,0
73,2020-03-07,experts,0
74,2020-03-07,politique,1
75,2020-03-07,laboratoire,0
76,2020-03-07,qanon,0
77,2020-03-08,reseaux_sociaux,1
78,2020-03-08,virus,3
79,2020-03-08,traitement,0
80,2020-03-08,masque,1
81,2020-03-08,5g,0
82,2020-03-08,bilan,1
83,2020-03-08,complot,0
84,2020-03-08,experts,0
85,2020-03-08,politique,2
86,2020-03-08,laboratoire,0
87,2020-03-08,qanon,0
88,2020-03-09,reseaux_sociaux,5
89,2020-03-09,virus,2
90,2020-03-09,traitement,0
91,2020-03-09,masque,1
92,2020-03-09,5g,0
93,2020-03-09,bilan,0
94,2020-03-09,complot,0
95,2020-03-09,experts,0
96,2020-03-09,politique,2
97,2020-03-09,laboratoire,0
98,2020-03-09,qanon,0
99,2020-03-10,reseaux_sociaux,3
100,2020-03-10,virus,1
101,2020-03-10,traitement,0
102,2020-03-10,masque,0
103,2020-03-10,5g,0
104,2020-03-10,bilan,0
105,2020-03-10,complot,1
106,2020-03-10,experts,0
107,2020-03-10,politique,0
108,2020-03-10,laboratoire,0
109,2020-03-10,qanon,0
110,2020-03-11,reseaux_sociaux,3
111,2020-03-11,virus,3
112,2020-03-11,traitement,0
113,2020-03-11,masque,0
114,2020-03-11,5g,0
115,2020-03-11,bilan,0
116,2020-03-11,complot,0
117,2020-03-11,experts,0
118,2020-03-11,politique,0
119,2020-03-11,laboratoire,0
120,2020-03-11,qanon,0
121,2020-03-12,reseaux_sociaux,3
122,2020-03-12,virus,3
123,2020-03-12,traitement,0
124,2020-03-12,masque,1
125,2020-03-12,5g,0
126,2020-03-12,bilan,0
127,2020-03-12,complot,0
128,2020-03-12,experts,0
129,2020-03-12,politique,0
130,2020-03-12,laboratoire,0
131,2020-03-12,qanon,0
132,2020-03-13,reseaux_sociaux,11
133,2020-03-13,virus,8
134,2020-03-13,traitement,1
135,2020-03-13,masque,3
136,2020-03-13,5g,0
137,2020-03-13,bilan,1
138,2020-03-13,complot,0
139,2020-03-13,experts,1
140,2020-03-13,politique,1
141,2020-03-13,laboratoire,0
142,2020-03-13,qanon,0
143,2020-03-14,reseaux_sociaux,4
144,2020-03-14,virus,8
145,2020-03-14,traitement,0
146,2020-03-14,masque,1
147,2020-03-14,5g,0
148,2020-03-14,bilan,0
149,2020-03-14,complot,0
150,2020-03-14,experts,0
151,2020-03-14,politique,1
152,2020-03-14,laboratoire,0
153,2020-03-14,qanon,0
154,2020-03-15,reseaux_sociaux,4
155,2020-03-15,virus,10
156,2020-03-15,traitement,3
157,2020-03-15,masque,1
158,2020-03-15,5g,0
159,2020-03-15,bilan,1
160,2020-03-15,complot,2
161,2020-03-15,experts,1
162,2020-03-15,politique,0
163,2020-03-15,laboratoire,0
164,2020-03-15,qanon,0
165,2020-03-16,reseaux_sociaux,12
166,2020-03-16,virus,12
167,2020-03-16,traitement,1
168,2020-03-16,masque,1
169,2020-03-16,5g,0
170,2020-03-16,bilan,0
171,2020-03-16,complot,2
172,2020-03-16,experts,3
173,2020-03-16,politique,5
174,2020-03-16,laboratoire,2
175,2020-03-16,qanon,0
176,2020-03-17,reseaux_sociaux,18
177,2020-03-17,virus,30
178,2020-03-17,traitement,8
179,2020-03-17,masque,2
180,2020-03-17,5g,1
181,2020-03-17,bilan,8
182,2020-03-17,complot,2
183,2020-03-17,experts,4
184,2020-03-17,politique,6
185,2020-03-17,laboratoire,2
186,2020-03-17,qanon,1
187,2020-03-18,reseaux_sociaux,38
188,2020-03-18,virus,42
189,2020-03-18,traitement,1
190,2020-03-18,masque,2
191,2020-03-18,5g,0
192,2020-03-18,bilan,2
193,2020-03-18,complot,6
194,2020-03-18,experts,1
195,2020-03-18,politique,6
196,2020-03-18,laboratoire,4
197,2020-03-18,qanon,0
198,2020-03-19,reseaux_sociaux,18
199,2020-03-19,virus,30
200,2020-03-19,traitement,7
201,2020-03-19,masque,2
202,2020-03-19,5g,2
203,2020-03-19,bilan,0
204,2020-03-19,complot,3
205,2020-03-19,experts,2
206,2020-03-19,politique,4
207,2020-03-19,laboratoire,1
208,2020-03-19,qanon,0
209,2020-03-20,reseaux_sociaux,12
210,2020-03-20,virus,22
211,2020-03-20,traitement,1
212,2020-03-20,masque,0
213,2020-03-20,5g,1
214,2020-03-20,bilan,1
215,2020-03-20,complot,1
216,2020-03-20,experts,1
217,2020-03-20,politique,4
218,2020-03-20,laboratoire,2
219,2020-03-20,qanon,0
220,2020-03-21,reseaux_sociaux,18
221,2020-03-21,virus,25
222,2020-03-21,traitement,3
223,2020-03-21,masque,0
224,2020-03-21,5g,0
225,2020-03-21,bilan,2
226,2020-03-21,complot,0
227,2020-03-21,experts,0
228,2020-03-21,politique,7
229,2020-03-21,laboratoire,2
230,2020-03-21,qanon,0
231,2020-03-22,reseaux_sociaux,23
232,2020-03-22,virus,26
233,2020-03-22,traitement,2
234,2020-03-22,masque,1
235,2020-03-22,5g,1
236,2020-03-22,bilan,2
237,2020-03-22,complot,2
238,2020-03-22,experts,2
239,2020-03-22,politique,7
240,2020-03-22,laboratoire,0
241,2020-03-22,qanon,0
242,2020-03-23,reseaux_sociaux,29
243,2020-03-23,virus,30
244,2020-03-23,traitement,2
245,2020-03-23,masque,1
246,2020-03-23,5g,0
247,2020-03-23,bilan,2
248,2020-03-23,complot,4
249,2020-03-23,experts,3
250,2020-03-23,politique,8
251,2020-03-23,laboratoire,0
252,2020-03-23,qanon,0
253,2020-03-24,reseaux_sociaux,13
254,2020-03-24,virus,27
255,2020-03-24,traitement,4
256,2020-03-24,masque,5
257,2020-03-24,5g,0
258,2020-03-24,bilan,4
259,2020-03-24,complot,4
260,2020-03-24,experts,3
261,2020-03-24,politique,7
262,2020-03-24,laboratoire,1
263,2020-03-24,qanon,0
264,2020-03-25,reseaux_sociaux,21
265,2020-03-25,virus,18
266,2020-03-25,traitement,2
267,2020-03-25,masque,1
268,2020-03-25,5g,1
269,2020-03-25,bilan,4
270,2020-03-25,complot,5
271,2020-03-25,experts,2
272,2020-03-25,politique,6
273,2020-03-25,laboratoire,1
274,2020-03-25,qanon,0
275,2020-03-26,reseaux_sociaux,39
276,2020-03-26,virus,33
277,2020-03-26,traitement,5
278,2020-03-26,masque,1
279,2020-03-26,5g,0
280,2020-03-26,bilan,3
281,2020-03-26,complot,3
282,2020-03-26,experts,4
283,2020-03-26,politique,7
284,2020-03-26,laboratoire,1
285,2020-03-26,qanon,1
286,2020-03-27,reseaux_sociaux,76
287,2020-03-27,virus,48
288,2020-03-27,traitement,9
289,2020-03-27,masque,1
290,2020-03-27,5g,2
291,2020-03-27,bilan,4
292,2020-03-27,complot,5
293,2020-03-27,experts,13
294,2020-03-27,politique,10
295,2020-03-27,laboratoire,2
296,2020-03-27,qanon,2
297,2020-03-28,reseaux_sociaux,85
298,2020-03-28,virus,55
299,2020-03-28,traitement,15
300,2020-03-28,masque,3
301,2020-03-28,5g,0
302,2020-03-28,bilan,7
303,2020-03-28,complot,6
304,2020-03-28,experts,24
305,2020-03-28,politique,7
306,2020-03-28,laboratoire,3
307,2020-03-28,qanon,0
308,2020-03-29,reseaux_sociaux,53
309,2020-03-29,virus,45
310,2020-03-29,traitement,9
311,2020-03-29,masque,2
312,2020-03-29,5g,0
313,2020-03-29,bilan,11
314,2020-03-29,complot,6
315,2020-03-29,experts,8
316,2020-03-29,politique,7
317,2020-03-29,laboratoire,2
318,2020-03-29,qanon,0
319,2020-03-30,reseaux_sociaux,38
320,2020-03-30,virus,46
321,2020-03-30,traitement,5
322,2020-03-30,masque,2
323,2020-03-30,5g,0
324,2020-03-30,bilan,8
325,2020-03-30,complot,4
326,2020-03-30,experts,2
327,2020-03-30,politique,8
328,2020-03-30,laboratoire,3
329,2020-03-30,qanon,1
330,2020-03-31,reseaux_sociaux,47
331,2020-03-31,virus,44
332,2020-03-31,traitement,7
333,2020-03-31,masque,5
334,2020-03-31,5g,0
335,2020-03-31,bilan,6
336,2020-03-31,complot,9
337,2020-03-31,experts,5
338,2020-03-31,politique,7
339,2020-03-31,laboratoire,1
340,2020-03-31,qanon,0
341,2020-04-01,reseaux_sociaux,31
342,2020-04-01,virus,31
343,2020-04-01,traitement,10
344,2020-04-01,masque,6
345,2020-04-01,5g,0
346,2020-04-01,bilan,7
347,2020-04-01,complot,8
348,2020-04-01,experts,4
349,2020-04-01,politique,9
350,2020-04-01,laboratoire,0
351,2020-04-01,qanon,1
352,2020-04-02,reseaux_sociaux,35
353,2020-04-02,virus,21
354,2020-04-02,traitement,5
355,2020-04-02,masque,11
356,2020-04-02,5g,0
357,2020-04-02,bilan,4
358,2020-04-02,complot,8
359,2020-04-02,experts,2
360,2020-04-02,politique,6
361,2020-04-02,laboratoire,2
362,2020-04-02,qanon,2
363,2020-04-03,reseaux_sociaux,54
364,2020-04-03,virus,46
365,2020-04-03,traitement,7
366,2020-04-03,masque,7
367,2020-04-03,5g,0
368,2020-04-03,bilan,5
369,2020-04-03,complot,6
370,2020-04-03,experts,3
371,2020-04-03,politique,9
372,2020-04-03,laboratoire,2
373,2020-04-03,qanon,2
374,2020-04-04,reseaux_sociaux,33
375,2020-04-04,virus,26
376,2020-04-04,traitement,2
377,2020-04-04,masque,4
378,2020-04-04,5g,0
379,2020-04-04,bilan,1
380,2020-04-04,complot,4
381,2020-04-04,experts,3
382,2020-04-04,politique,6
383,2020-04-04,laboratoire,0
384,2020-04-04,qanon,1
385,2020-04-05,reseaux_sociaux,33
386,2020-04-05,virus,23
387,2020-04-05,traitement,5
388,2020-04-05,masque,7
389,2020-04-05,5g,0
390,2020-04-05,bilan,1
391,2020-04-05,complot,6
392,2020-04-05,experts,1
393,2020-04-05,politique,6
394,2020-04-05,laboratoire,1
395,2020-04-05,qanon,0
396,2020-04-06,reseaux_sociaux,33
397,2020-04-06,virus,27
398,2020-04-06,traitement,10
399,2020-04-06,masque,6
400,2020-04-06,5g,1
401,2020-04-06,bilan,1
402,2020-04-06,complot,3
403,2020-04-06,experts,1
404,2020-04-06,politique,6
405,2020-04-06,laboratoire,2
406,2020-04-06,qanon,0
407,2020-04-07,reseaux_sociaux,34
408,2020-04-07,virus,34
409,2020-04-07,traitement,5
410,2020-04-07,masque,5
411,2020-04-07,5g,2
412,2020-04-07,bilan,4
413,2020-04-07,complot,8
414,2020-04-07,experts,2
415,2020-04-07,politique,12
416,2020-04-07,laboratoire,1
417,2020-04-07,qanon,0
418,2020-04-08,reseaux_sociaux,39
419,2020-04-08,virus,27
420,2020-04-08,traitement,4
421,2020-04-08,masque,2
422,2020-04-08,5g,0
423,2020-04-08,bilan,1
424,2020-04-08,complot,6
425,2020-04-08,experts,0
426,2020-04-08,politique,5
427,2020-04-08,laboratoire,2
428,2020-04-08,qanon,0
429,2020-04-09,reseaux_sociaux,38
430,2020-04-09,virus,42
431,2020-04-09,traitement,11
432,2020-04-09,masque,2
433,2020-04-09,5g,3
434,2020-04-09,bilan,6
435,2020-04-09,complot,7
436,2020-04-09,experts,3
437,2020-04-09,politique,14
438,2020-04-09,laboratoire,2
439,2020-04-09,qanon,2
440,2020-04-10,reseaux_sociaux,26
441,2020-04-10,virus,31
442,2020-04-10,traitement,8
443,2020-04-10,masque,1
444,2020-04-10,5g,0
445,2020-04-10,bilan,6
446,2020-04-10,complot,7
447,2020-04-10,experts,2
448,2020-04-10,politique,4
449,2020-04-10,laboratoire,2
450,2020-04-10,qanon,0
451,2020-04-11,reseaux_sociaux,48
452,2020-04-11,virus,30
453,2020-04-11,traitement,5
454,2020-04-11,masque,3
455,2020-04-11,5g,0
456,2020-04-11,bilan,8
457,2020-04-11,complot,12
458,2020-04-11,experts,1
459,2020-04-11,politique,5
460,2020-04-11,laboratoire,3
461,2020-04-11,qanon,0
462,2020-04-12,reseaux_sociaux,38
463,2020-04-12,virus,28
464,2020-04-12,traitement,7
465,2020-04-12,masque,0
466,2020-04-12,5g,1
467,2020-04-12,bilan,4
468,2020-04-12,complot,4
469,2020-04-12,experts,0
470,2020-04-12,politique,6
471,2020-04-12,laboratoire,1
472,2020-04-12,qanon,0
473,2020-04-13,reseaux_sociaux,66
474,2020-04-13,virus,47
475,2020-04-13,traitement,15
476,2020-04-13,masque,1
477,2020-04-13,5g,5
478,2020-04-13,bilan,10
479,2020-04-13,complot,18
480,2020-04-13,experts,5
481,2020-04-13,politique,22
482,2020-04-13,laboratoire,0
483,2020-04-13,qanon,1
484,2020-04-14,reseaux_sociaux,55
485,2020-04-14,virus,48
486,2020-04-14,traitement,22
487,2020-04-14,masque,0
488,2020-04-14,5g,3
489,2020-04-14,bilan,8
490,2020-04-14,complot,6
491,2020-04-14,experts,3
492,2020-04-14,politique,18
493,2020-04-14,laboratoire,2
494,2020-04-14,qanon,1
495,2020-04-15,reseaux_sociaux,62
496,2020-04-15,virus,43
497,2020-04-15,traitement,9
498,2020-04-15,masque,2
499,2020-04-15,5g,2
500,2020-04-15,bilan,3
501,2020-04-15,complot,11
502,2020-04-15,experts,4
503,2020-04-15,politique,19
504,2020-04-15,laboratoire,3
505,2020-04-15,qanon,1
506,2020-04-16,reseaux_sociaux,61
507,2020-04-16,virus,45
508,2020-04-16,traitement,3
509,2020-04-16,masque,0
510,2020-04-16,5g,1
511,2020-04-16,bilan,7
512,2020-04-16,complot,8
513,2020-04-16,experts,4
514,2020-04-16,politique,18
515,2020-04-16,laboratoire,6
516,2020-04-16,qanon,0
517,2020-04-17,reseaux_sociaux,59
518,2020-04-17,virus,44
519,2020-04-17,traitement,7
520,2020-04-17,masque,1
521,2020-04-17,5g,0
522,2020-04-17,bilan,8
523,2020-04-17,complot,12
524,2020-04-17,experts,20
525,2020-04-17,politique,9
526,2020-04-17,laboratoire,12
527,2020-04-17,qanon,0
528,2020-04-18,reseaux_sociaux,60
529,2020-04-18,virus,29
530,2020-04-18,traitement,8
531,2020-04-18,masque,0
532,2020-04-18,5g,2
533,2020-04-18,bilan,2
534,2020-04-18,complot,7
535,2020-04-18,experts,15
536,2020-04-18,politique,5
537,2020-04-18,laboratoire,4
538,2020-04-18,qanon,0
539,2020-04-19,reseaux_sociaux,55
540,2020-04-19,virus,33
541,2020-04-19,traitement,10
542,2020-04-19,masque,0
543,2020-04-19,5g,0
544,2020-04-19,bilan,3
545,2020-04-19,complot,9
546,2020-04-19,experts,10
547,2020-04-19,politique,9
548,2020-04-19,laboratoire,8
549,2020-04-19,qanon,1
550,2020-04-20,reseaux_sociaux,43
551,2020-04-20,virus,38
552,2020-04-20,traitement,12
553,2020-04-20,masque,1
554,2020-04-20,5g,0
555,2020-04-20,bilan,4
556,2020-04-20,complot,5
557,2020-04-20,experts,8
558,2020-04-20,politique,7
559,2020-04-20,laboratoire,8
560,2020-04-20,qanon,1
561,2020-04-21,reseaux_sociaux,35
562,2020-04-21,virus,35
563,2020-04-21,traitement,7
564,2020-04-21,masque,1
565,2020-04-21,5g,1
566,2020-04-21,bilan,6
567,2020-04-21,complot,7
568,2020-04-21,experts,8
569,2020-04-21,politique,5
570,2020-04-21,laboratoire,1
571,2020-04-21,qanon,2
572,2020-04-22,reseaux_sociaux,44
573,2020-04-22,virus,28
574,2020-04-22,traitement,14
575,2020-04-22,masque,1
576,2020-04-22,5g,5
577,2020-04-22,bilan,6
578,2020-04-22,complot,4
579,2020-04-22,experts,6
580,2020-04-22,politique,5
581,2020-04-22,laboratoire,3
582,2020-04-22,qanon,0
583,2020-04-23,reseaux_sociaux,24
584,2020-04-23,virus,20
585,2020-04-23,traitement,5
586,2020-04-23,masque,1
587,2020-04-23,5g,0
588,2020-04-23,bilan,3
589,2020-04-23,complot,4
590,2020-04-23,experts,2
591,2020-04-23,politique,3
592,2020-04-23,laboratoire,0
593,2020-04-23,qanon,0
594,2020-04-24,reseaux_sociaux,29
595,2020-04-24,virus,25
596,2020-04-24,traitement,9
597,2020-04-24,masque,1
598,2020-04-24,5g,1
599,2020-04-24,bilan,4
600,2020-04-24,complot,6
601,2020-04-24,experts,3
602,2020-04-24,politique,9
603,2020-04-24,laboratoire,2
604,2020-04-24,qanon,1
605,2020-04-25,reseaux_sociaux,21
606,2020-04-25,virus,18
607,2020-04-25,traitement,5
608,2020-04-25,masque,2
609,2020-04-25,5g,1
610,2020-04-25,bilan,4
611,2020-04-25,complot,9
612,2020-04-25,experts,1
613,2020-04-25,politique,4
614,2020-04-25,laboratoire,1
615,2020-04-25,qanon,0
616,2020-04-26,reseaux_sociaux,21
617,2020-04-26,virus,28
618,2020-04-26,traitement,8
619,2020-04-26,masque,2
620,2020-04-26,5g,0
621,2020-04-26,bilan,4
622,2020-04-26,complot,5
623,2020-04-26,experts,1
624,2020-04-26,politique,11
625,2020-04-26,laboratoire,2
626,2020-04-26,qanon,0
627,2020-04-27,reseaux_sociaux,24
628,2020-04-27,virus,32
629,2020-04-27,traitement,10
630,2020-04-27,masque,1
631,2020-04-27,5g,1
632,2020-04-27,bilan,10
633,2020-04-27,complot,7
634,2020-04-27,experts,12
635,2020-04-27,politique,11
636,2020-04-27,laboratoire,4
637,2020-04-27,qanon,0
638,2020-04-28,reseaux_sociaux,26
639,2020-04-28,virus,30
640,2020-04-28,traitement,4
641,2020-04-28,masque,2
642,2020-04-28,5g,1
643,2020-04-28,bilan,4
644,2020-04-28,complot,4
645,2020-04-28,experts,5
646,2020-04-28,politique,9
647,2020-04-28,laboratoire,4
648,2020-04-28,qanon,0
649,2020-04-29,reseaux_sociaux,39
650,2020-04-29,virus,35
651,2020-04-29,traitement,7
652,2020-04-29,masque,2
653,2020-04-29,5g,6
654,2020-04-29,bilan,3
655,2020-04-29,complot,7
656,2020-04-29,experts,3
657,2020-04-29,politique,10
658,2020-04-29,laboratoire,2
659,2020-04-29,qanon,0
660,2020-04-30,reseaux_sociaux,28
661,2020-04-30,virus,19
662,2020-04-30,traitement,3
663,2020-04-30,masque,1
664,2020-04-30,5g,0
665,2020-04-30,bilan,2
666,2020-04-30,complot,6
667,2020-04-30,experts,3
668,2020-04-30,politique,6
669,2020-04-30,laboratoire,0
670,2020-04-30,qanon,0
671,2020-05-01,reseaux_sociaux,24
672,2020-05-01,virus,23
673,2020-05-01,traitement,1
674,2020-05-01,masque,2
675,2020-05-01,5g,1
676,2020-05-01,bilan,4
677,2020-05-01,complot,5
678,2020-05-01,experts,4
679,2020-05-01,politique,3
680,2020-05-01,laboratoire,1
681,2020-05-01,qanon,0
682,2020-05-02,reseaux_sociaux,8
683,2020-05-02,virus,9
684,2020-05-02,traitement,1
685,2020-05-02,masque,3
686,2020-05-02,5g,1
687,2020-05-02,bilan,1
688,2020-05-02,complot,1
689,2020-05-02,experts,1
690,2020-05-02,politique,1
691,2020-05-02,laboratoire,0
692,2020-05-02,qanon,0
693,2020-05-03,reseaux_sociaux,15
694,2020-05-03,virus,15
695,2020-05-03,traitement,6
696,2020-05-03,masque,1
697,2020-05-03,5g,0
698,2020-05-03,bilan,2
699,2020-05-03,complot,5
700,2020-05-03,experts,3
701,2020-05-03,politique,5
702,2020-05-03,laboratoire,2
703,2020-05-03,qanon,0
704,2020-05-04,reseaux_sociaux,36
705,2020-05-04,virus,29
706,2020-05-04,traitement,7
707,2020-05-04,masque,3
708,2020-05-04,5g,3
709,2020-05-04,bilan,6
710,2020-05-04,complot,15
711,2020-05-04,experts,3
712,2020-05-04,politique,12
713,2020-05-04,laboratoire,6
714,2020-05-04,qanon,1
715,2020-05-05,reseaux_sociaux,25
716,2020-05-05,virus,20
717,2020-05-05,traitement,5
718,2020-05-05,masque,4
719,2020-05-05,5g,5
720,2020-05-05,bilan,6
721,2020-05-05,complot,8
722,2020-05-05,experts,3
723,2020-05-05,politique,9
724,2020-05-05,laboratoire,0
725,2020-05-05,qanon,0
726,2020-05-06,reseaux_sociaux,33
727,2020-05-06,virus,26
728,2020-05-06,traitement,3
729,2020-05-06,masque,2
730,2020-05-06,5g,8
731,2020-05-06,bilan,3
732,2020-05-06,complot,11
733,2020-05-06,experts,12
734,2020-05-06,politique,1
735,2020-05-06,laboratoire,0
736,2020-05-06,qanon,0
737,2020-05-07,reseaux_sociaux,28
738,2020-05-07,virus,19
739,2020-05-07,traitement,6
740,2020-05-07,masque,2
741,2020-05-07,5g,0
742,2020-05-07,bilan,3
743,2020-05-07,complot,7
744,2020-05-07,experts,6
745,2020-05-07,politique,6
746,2020-05-07,laboratoire,3
747,2020-05-07,qanon,1
748,2020-05-08,reseaux_sociaux,16
749,2020-05-08,virus,19
750,2020-05-08,traitement,7
751,2020-05-08,masque,0
752,2020-05-08,5g,5
753,2020-05-08,bilan,5
754,2020-05-08,complot,3
755,2020-05-08,experts,2
756,2020-05-08,politique,3
757,2020-05-08,laboratoire,1
758,2020-05-08,qanon,0
759,2020-05-09,reseaux_sociaux,12
760,2020-05-09,virus,17
761,2020-05-09,traitement,7
762,2020-05-09,masque,2
763,2020-05-09,5g,2
764,2020-05-09,bilan,1
765,2020-05-09,complot,2
766,2020-05-09,experts,2
767,2020-05-09,politique,4
768,2020-05-09,laboratoire,3
769,2020-05-09,qanon,2
770,2020-05-10,reseaux_sociaux,25
771,2020-05-10,virus,11
772,2020-05-10,traitement,6
773,2020-05-10,masque,2
774,2020-05-10,5g,1
775,2020-05-10,bilan,3
776,2020-05-10,complot,7
777,2020-05-10,experts,3
778,2020-05-10,politique,9
779,2020-05-10,laboratoire,1
780,2020-05-10,qanon,0
781,2020-05-11,reseaux_sociaux,19
782,2020-05-11,virus,12
783,2020-05-11,traitement,5
784,2020-05-11,masque,0
785,2020-05-11,5g,6
786,2020-05-11,bilan,4
787,2020-05-11,complot,5
788,2020-05-11,experts,5
789,2020-05-11,politique,4
790,2020-05-11,laboratoire,0
791,2020-05-11,qanon,0
792,2020-05-12,reseaux_sociaux,34
793,2020-05-12,virus,27
794,2020-05-12,traitement,11
795,2020-05-12,masque,3
796,2020-05-12,5g,0
797,2020-05-12,bilan,13
798,2020-05-12,complot,6
799,2020-05-12,experts,4
800,2020-05-12,politique,5
801,2020-05-12,laboratoire,3
802,2020-05-12,qanon,0
803,2020-05-13,reseaux_sociaux,24
804,2020-05-13,virus,17
805,2020-05-13,traitement,12
806,2020-05-13,masque,4
807,2020-05-13,5g,2
808,2020-05-13,bilan,3
809,2020-05-13,complot,1
810,2020-05-13,experts,3
811,2020-05-13,politique,7
812,2020-05-13,laboratoire,2
813,2020-05-13,qanon,0
814,2020-05-14,reseaux_sociaux,22
815,2020-05-14,virus,9
816,2020-05-14,traitement,1
817,2020-05-14,masque,2
818,2020-05-14,5g,0
819,2020-05-14,bilan,4
820,2020-05-14,complot,4
821,2020-05-14,experts,2
822,2020-05-14,politique,4
823,2020-05-14,laboratoire,0
824,2020-05-14,qanon,0
825,2020-05-15,reseaux_sociaux,10
826,2020-05-15,virus,15
827,2020-05-15,traitement,8
828,2020-05-15,masque,4
829,2020-05-15,5g,0
830,2020-05-15,bilan,7
831,2020-05-15,complot,3
832,2020-05-15,experts,2
833,2020-05-15,politique,3
834,2020-05-15,laboratoire,1
835,2020-05-15,qanon,0
836,2020-05-16,reseaux_sociaux,12
837,2020-05-16,virus,8
838,2020-05-16,traitement,3
839,2020-05-16,masque,8
840,2020-05-16,5g,1
841,2020-05-16,bilan,2
842,2020-05-16,complot,4
843,2020-05-16,experts,0
844,2020-05-16,politique,2
845,2020-05-16,laboratoire,0
846,2020-05-16,qanon,0
847,2020-05-17,reseaux_sociaux,27
848,2020-05-17,virus,17
849,2020-05-17,traitement,12
850,2020-05-17,masque,6
851,2020-05-17,5g,3
852,2020-05-17,bilan,12
853,2020-05-17,complot,4
854,2020-05-17,experts,3
855,2020-05-17,politique,5
856,2020-05-17,laboratoire,2
857,2020-05-17,qanon,0
858,2020-05-18,reseaux_sociaux,18
859,2020-05-18,virus,17
860,2020-05-18,traitement,7
861,2020-05-18,masque,5
862,2020-05-18,5g,1
863,2020-05-18,bilan,6
864,2020-05-18,complot,7
865,2020-05-18,experts,3
866,2020-05-18,politique,7
867,2020-05-18,laboratoire,1
868,2020-05-18,qanon,1
869,2020-05-19,reseaux_sociaux,13
870,2020-05-19,virus,9
871,2020-05-19,traitement,3
872,2020-05-19,masque,3
873,2020-05-19,5g,0
874,2020-05-19,bilan,3
875,2020-05-19,complot,1
876,2020-05-19,experts,1
877,2020-05-19,politique,6
878,2020-05-19,laboratoire,0
879,2020-05-19,qanon,0
880,2020-05-20,reseaux_sociaux,11
881,2020-05-20,virus,3
882,2020-05-20,traitement,2
883,2020-05-20,masque,1
884,2020-05-20,5g,0
885,2020-05-20,bilan,2
886,2020-05-20,complot,1
887,2020-05-20,experts,1
888,2020-05-20,politique,1
889,2020-05-20,laboratoire,0
890,2020-05-20,qanon,0
891,2020-05-21,reseaux_sociaux,13
892,2020-05-21,virus,12
893,2020-05-21,traitement,4
894,2020-05-21,masque,4
895,2020-05-21,5g,0
896,2020-05-21,bilan,5
897,2020-05-21,complot,5
898,2020-05-21,experts,1
899,2020-05-21,politique,5
900,2020-05-21,laboratoire,1
901,2020-05-21,qanon,0
902,2020-05-22,reseaux_sociaux,15
903,2020-05-22,virus,18
904,2020-05-22,traitement,6
905,2020-05-22,masque,5
906,2020-05-22,5g,1
907,2020-05-22,bilan,6
908,2020-05-22,complot,3
909,2020-05-22,experts,1
910,2020-05-22,politique,5
911,2020-05-22,laboratoire,0
912,2020-05-22,qanon,0
913,2020-05-23,reseaux_sociaux,10
914,2020-05-23,virus,7
915,2020-05-23,traitement,3
916,2020-05-23,masque,1
917,2020-05-23,5g,1
918,2020-05-23,bilan,1
919,2020-05-23,complot,2
920,2020-05-23,experts,0
921,2020-05-23,politique,4
922,2020-05-23,laboratoire,1
923,2020-05-23,qanon,0
924,2020-05-24,reseaux_sociaux,13
925,2020-05-24,virus,9
926,2020-05-24,traitement,4
927,2020-05-24,masque,0
928,2020-05-24,5g,0
929,2020-05-24,bilan,4
930,2020-05-24,complot,3
931,2020-05-24,experts,1
932,2020-05-24,politique,4
933,2020-05-24,laboratoire,0
934,2020-05-24,qanon,0
935,2020-05-25,reseaux_sociaux,8
936,2020-05-25,virus,7
937,2020-05-25,traitement,2
938,2020-05-25,masque,0
939,2020-05-25,5g,2
940,2020-05-25,bilan,2
941,2020-05-25,complot,0
942,2020-05-25,experts,0
943,2020-05-25,politique,3
944,2020-05-25,laboratoire,1
945,2020-05-25,qanon,0
946,2020-05-26,reseaux_sociaux,10
947,2020-05-26,virus,6
948,2020-05-26,traitement,1
949,2020-05-26,masque,0
950,2020-05-26,5g,1
951,2020-05-26,bilan,0
952,2020-05-26,complot,4
953,2020-05-26,experts,1
954,2020-05-26,politique,5
955,2020-05-26,laboratoire,0
956,2020-05-26,qanon,1
957,2020-05-27,reseaux_sociaux,11
958,2020-05-27,virus,5
959,2020-05-27,traitement,3
960,2020-05-27,masque,0
961,2020-05-27,5g,0
962,2020-05-27,bilan,1
963,2020-05-27,complot,2
964,2020-05-27,experts,0
965,2020-05-27,politique,3
966,2020-05-27,laboratoire,0
967,2020-05-27,qanon,0
968,2020-05-28,reseaux_sociaux,11
969,2020-05-28,virus,7
970,2020-05-28,traitement,1
971,2020-05-28,masque,2
972,2020-05-28,5g,0
973,2020-05-28,bilan,5
974,2020-05-28,complot,3
975,2020-05-28,experts,0
976,2020-05-28,politique,4
977,2020-05-28,laboratoire,0
978,2020-05-28,qanon,0
979,2020-05-29,reseaux_sociaux,7
980,2020-05-29,virus,10
981,2020-05-29,traitement,2
982,2020-05-29,masque,2
983,2020-05-29,5g,0
984,2020-05-29,bilan,3
985,2020-05-29,complot,1
986,2020-05-29,experts,2
987,2020-05-29,politique,7
988,2020-05-29,laboratoire,0
989,2020-05-29,qanon,0
990,2020-05-30,reseaux_sociaux,9
991,2020-05-30,virus,1
992,2020-05-30,traitement,1
993,2020-05-30,masque,1
994,2020-05-30,5g,0
995,2020-05-30,bilan,0
996,2020-05-30,complot,4
997,2020-05-30,experts,1
998,2020-05-30,politique,4
999,2020-05-30,laboratoire,0
1000,2020-05-30,qanon,0
1001,2020-05-31,reseaux_sociaux,6
1002,2020-05-31,virus,5
1003,2020-05-31,traitement,0
1004,2020-05-31,masque,1
1005,2020-05-31,5g,0
1006,2020-05-31,bilan,0
1007,2020-05-31,complot,5
1008,2020-05-31,experts,0
1009,2020-05-31,politique,1
1010,2020-05-31,laboratoire,1
1011,2020-05-31,qanon,0
1012,2020-06-01,reseaux_sociaux,5
1013,2020-06-01,virus,6
1014,2020-06-01,traitement,1
1015,2020-06-01,masque,2
1016,2020-06-01,5g,0
1017,2020-06-01,bilan,1
1018,2020-06-01,complot,2
1019,2020-06-01,experts,3
1020,2020-06-01,politique,0
1021,2020-06-01,laboratoire,0
1022,2020-06-01,qanon,0
1023,2020-06-02,reseaux_sociaux,13
1024,2020-06-02,virus,4
1025,2020-06-02,traitement,1
1026,2020-06-02,masque,4
1027,2020-06-02,5g,0
1028,2020-06-02,bilan,3
1029,2020-06-02,complot,4
1030,2020-06-02,experts,3
1031,2020-06-02,politique,7
1032,2020-06-02,laboratoire,0
1033,2020-06-02,qanon,0
1034,2020-06-03,reseaux_sociaux,10
1035,2020-06-03,virus,4
1036,2020-06-03,traitement,1
1037,2020-06-03,masque,1
1038,2020-06-03,5g,0
1039,2020-06-03,bilan,4
1040,2020-06-03,complot,1
1041,2020-06-03,experts,1
1042,2020-06-03,politique,2
1043,2020-06-03,laboratoire,0
1044,2020-06-03,qanon,0
1045,2020-06-04,reseaux_sociaux,11
1046,2020-06-04,virus,8
1047,2020-06-04,traitement,1
1048,2020-06-04,masque,1
1049,2020-06-04,5g,1
1050,2020-06-04,bilan,0
1051,2020-06-04,complot,3
1052,2020-06-04,experts,2
1053,2020-06-04,politique,6
1054,2020-06-04,laboratoire,0
1055,2020-06-04,qanon,0
1056,2020-06-05,reseaux_sociaux,11
1057,2020-06-05,virus,4
1058,2020-06-05,traitement,3
1059,2020-06-05,masque,2
1060,2020-06-05,5g,2
1061,2020-06-05,bilan,1
1062,2020-06-05,complot,3
1063,2020-06-05,experts,1
1064,2020-06-05,politique,5
1065,2020-06-05,laboratoire,0
1066,2020-06-05,qanon,0
1067,2020-06-06,reseaux_sociaux,5
1068,2020-06-06,virus,4
1069,2020-06-06,traitement,3
1070,2020-06-06,masque,1
1071,2020-06-06,5g,1
1072,2020-06-06,bilan,2
1073,2020-06-06,complot,3
1074,2020-06-06,experts,1
1075,2020-06-06,politique,4
1076,2020-06-06,laboratoire,0
1077,2020-06-06,qanon,0
1078,2020-06-07,reseaux_sociaux,17
1079,2020-06-07,virus,7
1080,2020-06-07,traitement,1
1081,2020-06-07,masque,4
1082,2020-06-07,5g,0
1083,2020-06-07,bilan,2
1084,2020-06-07,complot,2
1085,2020-06-07,experts,3
1086,2020-06-07,politique,8
1087,2020-06-07,laboratoire,0
1088,2020-06-07,qanon,0
1089,2020-06-08,reseaux_sociaux,30
1090,2020-06-08,virus,17
1091,2020-06-08,traitement,6
1092,2020-06-08,masque,2
1093,2020-06-08,5g,3
1094,2020-06-08,bilan,1
1095,2020-06-08,complot,5
1096,2020-06-08,experts,2
1097,2020-06-08,politique,11
1098,2020-06-08,laboratoire,0
1099,2020-06-08,qanon,1
1100,2020-06-09,reseaux_sociaux,10
1101,2020-06-09,virus,8
1102,2020-06-09,traitement,1
1103,2020-06-09,masque,0
1104,2020-06-09,5g,1
1105,2020-06-09,bilan,1
1106,2020-06-09,complot,2
1107,2020-06-09,experts,0
1108,2020-06-09,politique,7
1109,2020-06-09,laboratoire,0
1110,2020-06-09,qanon,1
1111,2020-06-10,reseaux_sociaux,12
1112,2020-06-10,virus,7
1113,2020-06-10,traitement,2
1114,2020-06-10,masque,0
1115,2020-06-10,5g,0
1116,2020-06-10,bilan,1
1117,2020-06-10,complot,4
1118,2020-06-10,experts,0
1119,2020-06-10,politique,1
1120,2020-06-10,laboratoire,0
1121,2020-06-10,qanon,0
1122,2020-06-11,reseaux_sociaux,7
1123,2020-06-11,virus,5
1124,2020-06-11,traitement,3
1125,2020-06-11,masque,1
1126,2020-06-11,5g,1
1127,2020-06-11,bilan,2
1128,2020-06-11,complot,2
1129,2020-06-11,experts,0
1130,2020-06-11,politique,2
1131,2020-06-11,laboratoire,0
1132,2020-06-11,qanon,0
1133,2020-06-12,reseaux_sociaux,9
1134,2020-06-12,virus,6
1135,2020-06-12,traitement,2
1136,2020-06-12,masque,1
1137,2020-06-12,5g,2
1138,2020-06-12,bilan,2
1139,2020-06-12,complot,7
1140,2020-06-12,experts,1
1141,2020-06-12,politique,6
1142,2020-06-12,laboratoire,0
1143,2020-06-12,qanon,0
1144,2020-06-13,reseaux_sociaux,3
1145,2020-06-13,virus,5
1146,2020-06-13,traitement,0
1147,2020-06-13,masque,2
1148,2020-06-13,5g,0
1149,2020-06-13,bilan,0
1150,2020-06-13,complot,2
1151,2020-06-13,experts,0
1152,2020-06-13,politique,2
1153,2020-06-13,laboratoire,0
1154,2020-06-13,qanon,0
1155,2020-06-14,reseaux_sociaux,6
1156,2020-06-14,virus,1
1157,2020-06-14,traitement,0
1158,2020-06-14,masque,0
1159,2020-06-14,5g,0
1160,2020-06-14,bilan,1
1161,2020-06-14,complot,1
1162,2020-06-14,experts,0
1163,2020-06-14,politique,1
1164,2020-06-14,laboratoire,0
1165,2020-06-14,qanon,0
1166,2020-06-15,reseaux_sociaux,8
1167,2020-06-15,virus,2
1168,2020-06-15,traitement,0
1169,2020-06-15,masque,0
1170,2020-06-15,5g,0
1171,2020-06-15,bilan,0
1172,2020-06-15,complot,2
1173,2020-06-15,experts,0
1174,2020-06-15,politique,1
1175,2020-06-15,laboratoire,0
1176,2020-06-15,qanon,0
1177,2020-06-16,reseaux_sociaux,3
1178,2020-06-16,virus,4
1179,2020-06-16,traitement,1
1180,2020-06-16,masque,0
1181,2020-06-16,5g,1
1182,2020-06-16,bilan,0
1183,2020-06-16,complot,2
1184,2020-06-16,experts,0
1185,2020-06-16,politique,0
1186,2020-06-16,laboratoire,0
1187,2020-06-16,qanon,0
1188,2020-06-17,reseaux_sociaux,3
1189,2020-06-17,virus,2
1190,2020-06-17,traitement,2
1191,2020-06-17,masque,1
1192,2020-06-17,5g,1
1193,2020-06-17,bilan,0
1194,2020-06-17,complot,1
1195,2020-06-17,experts,1
1196,2020-06-17,politique,1
1197,2020-06-17,laboratoire,0
1198,2020-06-17,qanon,1
1199,2020-06-18,reseaux_sociaux,1
1200,2020-06-18,virus,1
1201,2020-06-18,traitement,0
1202,2020-06-18,masque,0
1203,2020-06-18,5g,0
1204,2020-06-18,bilan,0
1205,2020-06-18,complot,0
1206,2020-06-18,experts,0
1207,2020-06-18,politique,0
1208,2020-06-18,laboratoire,0
1209,2020-06-18,qanon,0
1210,2020-06-19,reseaux_sociaux,5
1211,2020-06-19,virus,4
1212,2020-06-19,traitement,1
1213,2020-06-19,masque,0
1214,2020-06-19,5g,1
1215,2020-06-19,bilan,3
1216,2020-06-19,complot,0
1217,2020-06-19,experts,0
1218,2020-06-19,politique,1
1219,2020-06-19,laboratoire,0
1220,2020-06-19,qanon,0
1221,2020-06-20,reseaux_sociaux,5
1222,2020-06-20,virus,5
1223,2020-06-20,traitement,1
1224,2020-06-20,masque,0
1225,2020-06-20,5g,0
1226,2020-06-20,bilan,1
1227,2020-06-20,complot,1
1228,2020-06-20,experts,0
1229,2020-06-20,politique,2
1230,2020-06-20,laboratoire,0
1231,2020-06-20,qanon,0
1232,2020-06-21,reseaux_sociaux,2
1233,2020-06-21,virus,5
1234,2020-06-21,traitement,1
1235,2020-06-21,masque,0
1236,2020-06-21,5g,1
1237,2020-06-21,bilan,2
1238,2020-06-21,complot,1
1239,2020-06-21,experts,1
1240,2020-06-21,politique,4
1241,2020-06-21,laboratoire,0
1242,2020-06-21,qanon,0
1243,2020-06-22,reseaux_sociaux,7
1244,2020-06-22,virus,2
1245,2020-06-22,traitement,3
1246,2020-06-22,masque,1
1247,2020-06-22,5g,0
1248,2020-06-22,bilan,1
1249,2020-06-22,complot,3
1250,2020-06-22,experts,1
1251,2020-06-22,politique,2
1252,2020-06-22,laboratoire,0
1253,2020-06-22,qanon,0
1254,2020-06-23,reseaux_sociaux,4
1255,2020-06-23,virus,4
1256,2020-06-23,traitement,1
1257,2020-06-23,masque,0
1258,2020-06-23,5g,0
1259,2020-06-23,bilan,0
1260,2020-06-23,complot,4
1261,2020-06-23,experts,1
1262,2020-06-23,politique,1
1263,2020-06-23,laboratoire,0
1264,2020-06-23,qanon,0
1265,2020-06-24,reseaux_sociaux,3
1266,2020-06-24,virus,2
1267,2020-06-24,traitement,1
1268,2020-06-24,masque,1
1269,2020-06-24,5g,0
1270,2020-06-24,bilan,1
1271,2020-06-24,complot,1
1272,2020-06-24,experts,1
1273,2020-06-24,politique,1
1274,2020-06-24,laboratoire,0
1275,2020-06-24,qanon,0
1276,2020-06-25,reseaux_sociaux,6
1277,2020-06-25,virus,4
1278,2020-06-25,traitement,1
1279,2020-06-25,masque,0
1280,2020-06-25,5g,0
1281,2020-06-25,bilan,1
1282,2020-06-25,complot,3
1283,2020-06-25,experts,0
1284,2020-06-25,politique,2
1285,2020-06-25,laboratoire,1
1286,2020-06-25,qanon,0
1287,2020-06-26,reseaux_sociaux,2
1288,2020-06-26,virus,3
1289,2020-06-26,traitement,0
1290,2020-06-26,masque,0
1291,2020-06-26,5g,0
1292,2020-06-26,bilan,0
1293,2020-06-26,complot,1
1294,2020-06-26,experts,0
1295,2020-06-26,politique,1
1296,2020-06-26,laboratoire,0
1297,2020-06-26,qanon,0
1298,2020-06-27,reseaux_sociaux,5
1299,2020-06-27,virus,3
1300,2020-06-27,traitement,1
1301,2020-06-27,masque,0
1302,2020-06-27,5g,0
1303,2020-06-27,bilan,1
1304,2020-06-27,complot,1
1305,2020-06-27,experts,0
1306,2020-06-27,politique,2
1307,2020-06-27,laboratoire,0
1308,2020-06-27,qanon,0
1309,2020-06-28,reseaux_sociaux,6
1310,2020-06-28,virus,1
1311,2020-06-28,traitement,1
1312,2020-06-28,masque,0
1313,2020-06-28,5g,0
1314,2020-06-28,bilan,0
1315,2020-06-28,complot,1
1316,2020-06-28,experts,0
1317,2020-06-28,politique,1
1318,2020-06-28,laboratoire,0
1319,2020-06-28,qanon,1
1320,2020-06-29,reseaux_sociaux,7
1321,2020-06-29,virus,3
1322,2020-06-29,traitement,2
1323,2020-06-29,masque,3
1324,2020-06-29,5g,0
1325,2020-06-29,bilan,0
1326,2020-06-29,complot,3
1327,2020-06-29,experts,2
1328,2020-06-29,politique,5
1329,2020-06-29,laboratoire,0
1330,2020-06-29,qanon,0
1331,2020-06-30,reseaux_sociaux,9
1332,2020-06-30,virus,5
1333,2020-06-30,traitement,0
1334,2020-06-30,masque,2
1335,2020-06-30,5g,0
1336,2020-06-30,bilan,1
1337,2020-06-30,complot,3
1338,2020-06-30,experts,0
1339,2020-06-30,politique,2
1340,2020-06-30,laboratoire,0
1341,2020-06-30,qanon,1
1342,2020-07-01,reseaux_sociaux,3
1343,2020-07-01,virus,2
1344,2020-07-01,traitement,2
1345,2020-07-01,masque,1
1346,2020-07-01,5g,0
1347,2020-07-01,bilan,0
1348,2020-07-01,complot,2
1349,2020-07-01,experts,1
1350,2020-07-01,politique,1
1351,2020-07-01,laboratoire,0
1352,2020-07-01,qanon,0
1353,2020-07-02,reseaux_sociaux,4
1354,2020-07-02,virus,2
1355,2020-07-02,traitement,1
1356,2020-07-02,masque,1
1357,2020-07-02,5g,0
1358,2020-07-02,bilan,2
1359,2020-07-02,complot,1
1360,2020-07-02,experts,1
1361,2020-07-02,politique,2
1362,2020-07-02,laboratoire,0
1363,2020-07-02,qanon,0
1364,2020-07-03,reseaux_sociaux,4
1365,2020-07-03,virus,3
1366,2020-07-03,traitement,1
1367,2020-07-03,masque,0
1368,2020-07-03,5g,0
1369,2020-07-03,bilan,0
1370,2020-07-03,complot,1
1371,2020-07-03,experts,2
1372,2020-07-03,politique,3
1373,2020-07-03,laboratoire,0
1374,2020-07-03,qanon,0
1375,2020-07-04,reseaux_sociaux,4
1376,2020-07-04,virus,2
1377,2020-07-04,traitement,1
1378,2020-07-04,masque,1
1379,2020-07-04,5g,0
1380,2020-07-04,bilan,0
1381,2020-07-04,complot,2
1382,2020-07-04,experts,1
1383,2020-07-04,politique,1
1384,2020-07-04,laboratoire,0
1385,2020-07-04,qanon,0
1386,2020-07-05,reseaux_sociaux,3
1387,2020-07-05,virus,1
1388,2020-07-05,traitement,1
1389,2020-07-05,masque,0
1390,2020-07-05,5g,0
1391,2020-07-05,bilan,0
1392,2020-07-05,complot,2
1393,2020-07-05,experts,0
1394,2020-07-05,politique,2
1395,2020-07-05,laboratoire,0
1396,2020-07-05,qanon,0
1397,2020-07-06,reseaux_sociaux,3
1398,2020-07-06,virus,5
1399,2020-07-06,traitement,0
1400,2020-07-06,masque,0
1401,2020-07-06,5g,0
1402,2020-07-06,bilan,1
1403,2020-07-06,complot,1
1404,2020-07-06,experts,1
1405,2020-07-06,politique,3
1406,2020-07-06,laboratoire,0
1407,2020-07-06,qanon,0
1408,2020-07-07,reseaux_sociaux,5
1409,2020-07-07,virus,4
1410,2020-07-07,traitement,2
1411,2020-07-07,masque,3
1412,2020-07-07,5g,0
1413,2020-07-07,bilan,2
1414,2020-07-07,complot,2
1415,2020-07-07,experts,2
1416,2020-07-07,politique,1
1417,2020-07-07,laboratoire,0
1418,2020-07-07,qanon,0
1419,2020-07-08,reseaux_sociaux,4
1420,2020-07-08,virus,4
1421,2020-07-08,traitement,3
1422,2020-07-08,masque,2
1423,2020-07-08,5g,0
1424,2020-07-08,bilan,2
1425,2020-07-08,complot,2
1426,2020-07-08,experts,2
1427,2020-07-08,politique,1
1428,2020-07-08,laboratoire,0
1429,2020-07-08,qanon,0
1430,2020-07-09,reseaux_sociaux,13
1431,2020-07-09,virus,10
1432,2020-07-09,traitement,2
1433,2020-07-09,masque,3
1434,2020-07-09,5g,0
1435,2020-07-09,bilan,3
1436,2020-07-09,complot,1
1437,2020-07-09,experts,3
1438,2020-07-09,politique,5
1439,2020-07-09,laboratoire,0
1440,2020-07-09,qanon,0
1441,2020-07-10,reseaux_sociaux,9
1442,2020-07-10,virus,2
1443,2020-07-10,traitement,2
1444,2020-07-10,masque,2
1445,2020-07-10,5g,1
1446,2020-07-10,bilan,1
1447,2020-07-10,complot,3
1448,2020-07-10,experts,2
1449,2020-07-10,politique,1
1450,2020-07-10,laboratoire,0
1451,2020-07-10,qanon,0
1452,2020-07-11,reseaux_sociaux,7
1453,2020-07-11,virus,2
1454,2020-07-11,traitement,0
1455,2020-07-11,masque,1
1456,2020-07-11,5g,0
1457,2020-07-11,bilan,0
1458,2020-07-11,complot,2
1459,2020-07-11,experts,1
1460,2020-07-11,politique,1
1461,2020-07-11,laboratoire,0
1462,2020-07-11,qanon,0
1463,2020-07-12,reseaux_sociaux,8
1464,2020-07-12,virus,4
1465,2020-07-12,traitement,0
1466,2020-07-12,masque,4
1467,2020-07-12,5g,0
1468,2020-07-12,bilan,0
1469,2020-07-12,complot,2
1470,2020-07-12,experts,3
1471,2020-07-12,politique,1
1472,2020-07-12,laboratoire,0
1473,2020-07-12,qanon,0
1474,2020-07-13,reseaux_sociaux,14
1475,2020-07-13,virus,9
1476,2020-07-13,traitement,3
1477,2020-07-13,masque,10
1478,2020-07-13,5g,0
1479,2020-07-13,bilan,3
1480,2020-07-13,complot,6
1481,2020-07-13,experts,3
1482,2020-07-13,politique,4
1483,2020-07-13,laboratoire,0
1484,2020-07-13,qanon,0
1485,2020-07-14,reseaux_sociaux,12
1486,2020-07-14,virus,3
1487,2020-07-14,traitement,2
1488,2020-07-14,masque,8
1489,2020-07-14,5g,0
1490,2020-07-14,bilan,0
1491,2020-07-14,complot,2
1492,2020-07-14,experts,1
1493,2020-07-14,politique,3
1494,2020-07-14,laboratoire,0
1495,2020-07-14,qanon,1
1496,2020-07-15,reseaux_sociaux,6
1497,2020-07-15,virus,6
1498,2020-07-15,traitement,1
1499,2020-07-15,masque,4
1500,2020-07-15,5g,0
1501,2020-07-15,bilan,1
1502,2020-07-15,complot,3
1503,2020-07-15,experts,1
1504,2020-07-15,politique,3
1505,2020-07-15,laboratoire,0
1506,2020-07-15,qanon,0
1507,2020-07-16,reseaux_sociaux,12
1508,2020-07-16,virus,8
1509,2020-07-16,traitement,2
1510,2020-07-16,masque,7
1511,2020-07-16,5g,0
1512,2020-07-16,bilan,6
1513,2020-07-16,complot,3
1514,2020-07-16,experts,3
1515,2020-07-16,politique,4
1516,2020-07-16,laboratoire,0
1517,2020-07-16,qanon,0
1518,2020-07-17,reseaux_sociaux,6
1519,2020-07-17,virus,4
1520,2020-07-17,traitement,0
1521,2020-07-17,masque,4
1522,2020-07-17,5g,0
1523,2020-07-17,bilan,1
1524,2020-07-17,complot,1
1525,2020-07-17,experts,0
1526,2020-07-17,politique,2
1527,2020-07-17,laboratoire,0
1528,2020-07-17,qanon,0
1529,2020-07-18,reseaux_sociaux,9
1530,2020-07-18,virus,4
1531,2020-07-18,traitement,2
1532,2020-07-18,masque,1
1533,2020-07-18,5g,0
1534,2020-07-18,bilan,0
1535,2020-07-18,complot,0
1536,2020-07-18,experts,0
1537,2020-07-18,politique,7
1538,2020-07-18,laboratoire,0
1539,2020-07-18,qanon,0
1540,2020-07-19,reseaux_sociaux,3
1541,2020-07-19,virus,0
1542,2020-07-19,traitement,0
1543,2020-07-19,masque,1
1544,2020-07-19,5g,0
1545,2020-07-19,bilan,0
1546,2020-07-19,complot,2
1547,2020-07-19,experts,0
1548,2020-07-19,politique,1
1549,2020-07-19,laboratoire,0
1550,2020-07-19,qanon,1
1551,2020-07-20,reseaux_sociaux,8
1552,2020-07-20,virus,3
1553,2020-07-20,traitement,1
1554,2020-07-20,masque,2
1555,2020-07-20,5g,0
1556,2020-07-20,bilan,1
1557,2020-07-20,complot,1
1558,2020-07-20,experts,0
1559,2020-07-20,politique,4
1560,2020-07-20,laboratoire,0
1561,2020-07-20,qanon,0
1562,2020-07-21,reseaux_sociaux,8
1563,2020-07-21,virus,2
1564,2020-07-21,traitement,0
1565,2020-07-21,masque,1
1566,2020-07-21,5g,0
1567,2020-07-21,bilan,0
1568,2020-07-21,complot,1
1569,2020-07-21,experts,2
1570,2020-07-21,politique,1
1571,2020-07-21,laboratoire,0
1572,2020-07-21,qanon,0
1573,2020-07-22,reseaux_sociaux,17
1574,2020-07-22,virus,7
1575,2020-07-22,traitement,1
1576,2020-07-22,masque,4
1577,2020-07-22,5g,0
1578,2020-07-22,bilan,3
1579,2020-07-22,complot,2
1580,2020-07-22,experts,1
1581,2020-07-22,politique,2
1582,2020-07-22,laboratoire,0
1583,2020-07-22,qanon,0
1584,2020-07-23,reseaux_sociaux,11
1585,2020-07-23,virus,4
1586,2020-07-23,traitement,0
1587,2020-07-23,masque,2
1588,2020-07-23,5g,0
1589,2020-07-23,bilan,1
1590,2020-07-23,complot,2
1591,2020-07-23,experts,0
1592,2020-07-23,politique,0
1593,2020-07-23,laboratoire,0
1594,2020-07-23,qanon,0
1595,2020-07-24,reseaux_sociaux,3
1596,2020-07-24,virus,5
1597,2020-07-24,traitement,0
1598,2020-07-24,masque,0
1599,2020-07-24,5g,0
1600,2020-07-24,bilan,2
1601,2020-07-24,complot,0
1602,2020-07-24,experts,0
1603,2020-07-24,politique,2
1604,2020-07-24,laboratoire,0
1605,2020-07-24,qanon,0
1606,2020-07-25,reseaux_sociaux,2
1607,2020-07-25,virus,2
1608,2020-07-25,traitement,0
1609,2020-07-25,masque,0
1610,2020-07-25,5g,0
1611,2020-07-25,bilan,0
1612,2020-07-25,complot,0
1613,2020-07-25,experts,0
1614,2020-07-25,politique,0
1615,2020-07-25,laboratoire,0
1616,2020-07-25,qanon,0
1617,2020-07-26,reseaux_sociaux,4
1618,2020-07-26,virus,2
1619,2020-07-26,traitement,0
1620,2020-07-26,masque,0
1621,2020-07-26,5g,0
1622,2020-07-26,bilan,0
1623,2020-07-26,complot,0
1624,2020-07-26,experts,0
1625,2020-07-26,politique,2
1626,2020-07-26,laboratoire,0
1627,2020-07-26,qanon,1
1628,2020-07-27,reseaux_sociaux,8
1629,2020-07-27,virus,6
1630,2020-07-27,traitement,2
1631,2020-07-27,masque,1
1632,2020-07-27,5g,1
1633,2020-07-27,bilan,0
1634,2020-07-27,complot,2
1635,2020-07-27,experts,0
1636,2020-07-27,politique,2
1637,2020-07-27,laboratoire,0
1638,2020-07-27,qanon,0
1639,2020-07-28,reseaux_sociaux,18
1640,2020-07-28,virus,5
1641,2020-07-28,traitement,2
1642,2020-07-28,masque,4
1643,2020-07-28,5g,1
1644,2020-07-28,bilan,0
1645,2020-07-28,complot,3
1646,2020-07-28,experts,1
1647,2020-07-28,politique,3
1648,2020-07-28,laboratoire,0
1649,2020-07-28,qanon,0
1650,2020-07-29,reseaux_sociaux,12
1651,2020-07-29,virus,7
1652,2020-07-29,traitement,0
1653,2020-07-29,masque,2
1654,2020-07-29,5g,0
1655,2020-07-29,bilan,0
1656,2020-07-29,complot,4
1657,2020-07-29,experts,0
1658,2020-07-29,politique,3
1659,2020-07-29,laboratoire,0
1660,2020-07-29,qanon,0
1661,2020-07-30,reseaux_sociaux,12
1662,2020-07-30,virus,10
1663,2020-07-30,traitement,3
1664,2020-07-30,masque,3
1665,2020-07-30,5g,0
1666,2020-07-30,bilan,2
1667,2020-07-30,complot,5
1668,2020-07-30,experts,1
1669,2020-07-30,politique,2
1670,2020-07-30,laboratoire,0
1671,2020-07-30,qanon,0
1672,2020-07-31,reseaux_sociaux,5
1673,2020-07-31,virus,1
1674,2020-07-31,traitement,0
1675,2020-07-31,masque,1
1676,2020-07-31,5g,0
1677,2020-07-31,bilan,1
1678,2020-07-31,complot,2
1679,2020-07-31,experts,0
1680,2020-07-31,politique,2
1681,2020-07-31,laboratoire,0
1682,2020-07-31,qanon,0
1683,2020-08-01,reseaux_sociaux,3
1684,2020-08-01,virus,0
1685,2020-08-01,traitement,0
1686,2020-08-01,masque,0
1687,2020-08-01,5g,0
1688,2020-08-01,bilan,0
1689,2020-08-01,complot,1
1690,2020-08-01,experts,1
1691,2020-08-01,politique,0
1692,2020-08-01,laboratoire,0
1693,2020-08-01,qanon,0
1694,2020-08-02,reseaux_sociaux,6
1695,2020-08-02,virus,2
1696,2020-08-02,traitement,0
1697,2020-08-02,masque,0
1698,2020-08-02,5g,0
1699,2020-08-02,bilan,1
1700,2020-08-02,complot,0
1701,2020-08-02,experts,1
1702,2020-08-02,politique,1
1703,2020-08-02,laboratoire,0
1704,2020-08-02,qanon,0
1705,2020-08-03,reseaux_sociaux,6
1706,2020-08-03,virus,5
1707,2020-08-03,traitement,1
1708,2020-08-03,masque,0
1709,2020-08-03,5g,0
1710,2020-08-03,bilan,0
1711,2020-08-03,complot,2
1712,2020-08-03,experts,0
1713,2020-08-03,politique,0
1714,2020-08-03,laboratoire,0
1715,2020-08-03,qanon,0
1716,2020-08-04,reseaux_sociaux,10
1717,2020-08-04,virus,6
1718,2020-08-04,traitement,2
1719,2020-08-04,masque,3
1720,2020-08-04,5g,0
1721,2020-08-04,bilan,4
1722,2020-08-04,complot,2
1723,2020-08-04,experts,1
1724,2020-08-04,politique,4
1725,2020-08-04,laboratoire,1
1726,2020-08-04,qanon,0
1727,2020-08-05,reseaux_sociaux,8
1728,2020-08-05,virus,6
1729,2020-08-05,traitement,1
1730,2020-08-05,masque,1
1731,2020-08-05,5g,0
1732,2020-08-05,bilan,1
1733,2020-08-05,complot,2
1734,2020-08-05,experts,0
1735,2020-08-05,politique,3
1736,2020-08-05,laboratoire,0
1737,2020-08-05,qanon,0
1738,2020-08-06,reseaux_sociaux,3
1739,2020-08-06,virus,1
1740,2020-08-06,traitement,0
1741,2020-08-06,masque,0
1742,2020-08-06,5g,0
1743,2020-08-06,bilan,0
1744,2020-08-06,complot,0
1745,2020-08-06,experts,1
1746,2020-08-06,politique,0
1747,2020-08-06,laboratoire,0
1748,2020-08-06,qanon,0
1749,2020-08-07,reseaux_sociaux,0
1750,2020-08-07,virus,1
1751,2020-08-07,traitement,1
1752,2020-08-07,masque,0
1753,2020-08-07,5g,0
1754,2020-08-07,bilan,1
1755,2020-08-07,complot,1
1756,2020-08-07,experts,0
1757,2020-08-07,politique,0
1758,2020-08-07,laboratoire,0
1759,2020-08-07,qanon,0
1760,2020-08-08,reseaux_sociaux,2
1761,2020-08-08,virus,4
1762,2020-08-08,traitement,1
1763,2020-08-08,masque,2
1764,2020-08-08,5g,0
1765,2020-08-08,bilan,1
1766,2020-08-08,complot,0
1767,2020-08-08,experts,0
1768,2020-08-08,politique,0
1769,2020-08-08,laboratoire,0
1770,2020-08-08,qanon,0
1771,2020-08-09,reseaux_sociaux,2
1772,2020-08-09,virus,2
1773,2020-08-09,traitement,0
1774,2020-08-09,masque,0
1775,2020-08-09,5g,0
1776,2020-08-09,bilan,1
1777,2020-08-09,complot,2
1778,2020-08-09,experts,0
1779,2020-08-09,politique,1
1780,2020-08-09,laboratoire,0
1781,2020-08-09,qanon,0
1782,2020-08-10,reseaux_sociaux,4
1783,2020-08-10,virus,6
1784,2020-08-10,traitement,0
1785,2020-08-10,masque,2
1786,2020-08-10,5g,0
1787,2020-08-10,bilan,0
1788,2020-08-10,complot,1
1789,2020-08-10,experts,0
1790,2020-08-10,politique,1
1791,2020-08-10,laboratoire,0
1792,2020-08-10,qanon,0
1793,2020-08-11,reseaux_sociaux,3
1794,2020-08-11,virus,4
1795,2020-08-11,traitement,0
1796,2020-08-11,masque,3
1797,2020-08-11,5g,0
1798,2020-08-11,bilan,0
1799,2020-08-11,complot,0
1800,2020-08-11,experts,1
1801,2020-08-11,politique,1
1802,2020-08-11,laboratoire,0
1803,2020-08-11,qanon,0
1804,2020-08-12,reseaux_sociaux,7
1805,2020-08-12,virus,1
1806,2020-08-12,traitement,0
1807,2020-08-12,masque,1
1808,2020-08-12,5g,0
1809,2020-08-12,bilan,3
1810,2020-08-12,complot,2
1811,2020-08-12,experts,0
1812,2020-08-12,politique,2
1813,2020-08-12,laboratoire,0
1814,2020-08-12,qanon,0
1815,2020-08-13,reseaux_sociaux,3
1816,2020-08-13,virus,2
1817,2020-08-13,traitement,1
1818,2020-08-13,masque,0
1819,2020-08-13,5g,0
1820,2020-08-13,bilan,1
1821,2020-08-13,complot,1
1822,2020-08-13,experts,0
1823,2020-08-13,politique,0
1824,2020-08-13,laboratoire,0
1825,2020-08-13,qanon,0
1826,2020-08-14,reseaux_sociaux,3
1827,2020-08-14,virus,1
1828,2020-08-14,traitement,0
1829,2020-08-14,masque,0
1830,2020-08-14,5g,0
1831,2020-08-14,bilan,0
1832,2020-08-14,complot,2
1833,2020-08-14,experts,0
1834,2020-08-14,politique,0
1835,2020-08-14,laboratoire,0
1836,2020-08-14,qanon,1
1837,2020-08-15,reseaux_sociaux,4
1838,2020-08-15,virus,1
1839,2020-08-15,traitement,0
1840,2020-08-15,masque,0
1841,2020-08-15,5g,0
1842,2020-08-15,bilan,1
1843,2020-08-15,complot,1
1844,2020-08-15,experts,0
1845,2020-08-15,politique,0
1846,2020-08-15,laboratoire,0
1847,2020-08-15,qanon,0
1848,2020-08-16,reseaux_sociaux,2
1849,2020-08-16,virus,2
1850,2020-08-16,traitement,1
1851,2020-08-16,masque,0
1852,2020-08-16,5g,0
1853,2020-08-16,bilan,2
1854,2020-08-16,complot,0
1855,2020-08-16,experts,1
1856,2020-08-16,politique,1
1857,2020-08-16,laboratoire,0
1858,2020-08-16,qanon,0
1859,2020-08-17,reseaux_sociaux,1
1860,2020-08-17,virus,2
1861,2020-08-17,traitement,1
1862,2020-08-17,masque,0
1863,2020-08-17,5g,0
1864,2020-08-17,bilan,1
1865,2020-08-17,complot,0
1866,2020-08-17,experts,0
1867,2020-08-17,politique,1
1868,2020-08-17,laboratoire,0
1869,2020-08-17,qanon,0
1870,2020-08-18,reseaux_sociaux,3
1871,2020-08-18,virus,1
1872,2020-08-18,traitement,0
1873,2020-08-18,masque,0
1874,2020-08-18,5g,0
1875,2020-08-18,bilan,1
1876,2020-08-18,complot,0
1877,2020-08-18,experts,0
1878,2020-08-18,politique,2
1879,2020-08-18,laboratoire,0
1880,2020-08-18,qanon,0
1881,2020-08-19,reseaux_sociaux,4
1882,2020-08-19,virus,2
1883,2020-08-19,traitement,0
1884,2020-08-19,masque,0
1885,2020-08-19,5g,0
1886,2020-08-19,bilan,0
1887,2020-08-19,complot,0
1888,2020-08-19,experts,0
1889,2020-08-19,politique,0
1890,2020-08-19,laboratoire,0
1891,2020-08-19,qanon,0
1892,2020-08-20,reseaux_sociaux,7
1893,2020-08-20,virus,5
1894,2020-08-20,traitement,3
1895,2020-08-20,masque,0
1896,2020-08-20,5g,0
1897,2020-08-20,bilan,2
1898,2020-08-20,complot,1
1899,2020-08-20,experts,0
1900,2020-08-20,politique,0
1901,2020-08-20,laboratoire,0
1902,2020-08-20,qanon,0
1903,2020-08-21,reseaux_sociaux,6
1904,2020-08-21,virus,4
1905,2020-08-21,traitement,2
1906,2020-08-21,masque,0
1907,2020-08-21,5g,0
1908,2020-08-21,bilan,2
1909,2020-08-21,complot,1
1910,2020-08-21,experts,0
1911,2020-08-21,politique,1
1912,2020-08-21,laboratoire,0
1913,2020-08-21,qanon,0
1914,2020-08-22,reseaux_sociaux,5
1915,2020-08-22,virus,4
1916,2020-08-22,traitement,2
1917,2020-08-22,masque,0
1918,2020-08-22,5g,0
1919,2020-08-22,bilan,2
1920,2020-08-22,complot,0
1921,2020-08-22,experts,0
1922,2020-08-22,politique,1
1923,2020-08-22,laboratoire,0
1924,2020-08-22,qanon,0
1925,2020-08-23,reseaux_sociaux,13
1926,2020-08-23,virus,6
1927,2020-08-23,traitement,2
1928,2020-08-23,masque,3
1929,2020-08-23,5g,1
1930,2020-08-23,bilan,0
1931,2020-08-23,complot,1
1932,2020-08-23,experts,1
1933,2020-08-23,politique,0
1934,2020-08-23,laboratoire,0
1935,2020-08-23,qanon,0
1936,2020-08-24,reseaux_sociaux,9
1937,2020-08-24,virus,5
1938,2020-08-24,traitement,1
1939,2020-08-24,masque,5
1940,2020-08-24,5g,0
1941,2020-08-24,bilan,1
1942,2020-08-24,complot,1
1943,2020-08-24,experts,4
1944,2020-08-24,politique,1
1945,2020-08-24,laboratoire,0
1946,2020-08-24,qanon,0
1947,2020-08-25,reseaux_sociaux,10
1948,2020-08-25,virus,2
1949,2020-08-25,traitement,3
1950,2020-08-25,masque,1
1951,2020-08-25,5g,0
1952,2020-08-25,bilan,0
1953,2020-08-25,complot,1
1954,2020-08-25,experts,0
1955,2020-08-25,politique,0
1956,2020-08-25,laboratoire,0
1957,2020-08-25,qanon,0
1958,2020-08-26,reseaux_sociaux,10
1959,2020-08-26,virus,1
1960,2020-08-26,traitement,2
1961,2020-08-26,masque,3
1962,2020-08-26,5g,0
1963,2020-08-26,bilan,0
1964,2020-08-26,complot,0
1965,2020-08-26,experts,1
1966,2020-08-26,politique,2
1967,2020-08-26,laboratoire,0
1968,2020-08-26,qanon,0
1969,2020-08-27,reseaux_sociaux,2
1970,2020-08-27,virus,2
1971,2020-08-27,traitement,2
1972,2020-08-27,masque,0
1973,2020-08-27,5g,0
1974,2020-08-27,bilan,0
1975,2020-08-27,complot,0
1976,2020-08-27,experts,0
1977,2020-08-27,politique,0
1978,2020-08-27,laboratoire,0
1979,2020-08-27,qanon,0
1980,2020-08-28,reseaux_sociaux,1
1981,2020-08-28,virus,0
1982,2020-08-28,traitement,0
1983,2020-08-28,masque,0
1984,2020-08-28,5g,0
1985,2020-08-28,bilan,0
1986,2020-08-28,complot,2
1987,2020-08-28,experts,0
1988,2020-08-28,politique,1
1989,2020-08-28,laboratoire,0
1990,2020-08-28,qanon,0
1991,2020-08-29,reseaux_sociaux,7
1992,2020-08-29,virus,5
1993,2020-08-29,traitement,4
1994,2020-08-29,masque,2
1995,2020-08-29,5g,1
1996,2020-08-29,bilan,3
1997,2020-08-29,complot,2
1998,2020-08-29,experts,1
1999,2020-08-29,politique,2
2000,2020-08-29,laboratoire,1
2001,2020-08-29,qanon,0
2002,2020-08-30,reseaux_sociaux,1
2003,2020-08-30,virus,1
2004,2020-08-30,traitement,0
2005,2020-08-30,masque,0
2006,2020-08-30,5g,0
2007,2020-08-30,bilan,0
2008,2020-08-30,complot,0
2009,2020-08-30,experts,0
2010,2020-08-30,politique,0
2011,2020-08-30,laboratoire,0
2012,2020-08-30,qanon,0
2013,2020-08-31,reseaux_sociaux,3
2014,2020-08-31,virus,3
2015,2020-08-31,traitement,0
2016,2020-08-31,masque,0
2017,2020-08-31,5g,0
2018,2020-08-31,bilan,0
2019,2020-08-31,complot,0
2020,2020-08-31,experts,0
2021,2020-08-31,politique,0
2022,2020-08-31,laboratoire,0
2023,2020-08-31,qanon,0
